Filename	Title	Year	Authors
10.txt	The King James Bible	2011	Unknown
1001.txt	Divine Comedy, Longfellow's Translation, Hell	1997	Dante Alighieri
1005.txt	Hell	2004	Dante Alighieri
1006.txt	The Divine Comedy of Dante:  Purgatory	2004	Dante Alighieri
1007.txt	The Divine Comedy of Dante:  Paradise	2004	Dante Alighieri
101.txt	Hacker Crackdown	1994	Bruce Sterling
1013.txt	The First Men In The Moon	2004	H. G. Wells
1014.txt	The Lure of the Dim Trails	1997	B. M. Bower
1015.txt	The Oregon Trail	2006	Francis Parkman, Jr.
1016.txt	On the Improvement of the Understanding	1997	Baruch Spinoza
1019.txt	Poems	1997	Currer, Ellis;Acton Bell
102.txt	The Tragedy of Pudd'nhead Wilson	1994	Mark Twain
1020.txt	Sword Blades and Poppy Seed	1997	Amy Lowell
1021.txt	The Congo and Other Poems	1997	Vachel Lindsay
1023.txt	Bleak House	1997	Charles Dickens
1024.txt	The Wrecker	2006	Robert Louis Stevenson;Lloyd Osbourne
1027.txt	The Lone Star Ranger	1997	Zane Grey
1029.txt	The Night-Born	1997	Jack London
103.txt	Around the World in 80 Days	2008	Jules Verne
1032.txt	The Pupil	2010	Henry James
1033.txt	Rose O' the River	2006	Kate Douglas Wiggin
1034.txt	Poems	1997	Wilfred Owen
1035.txt	The Man Against the Sky	2008	Edwin Arlington Robinson
1036.txt	Joe Wilson and His Mates	1997	Henry Lawson
1037.txt	The Life of John Bunyan	2005	Edmund Venables
1039.txt	Missionary Travels and Researches in South Africa	2006	David Livingstone
104.txt	Franklin Delano Roosevelt's First Inaugural Address	2008	Franklin Delano Roosevelt
1040.txt	The Three Taverns	1997	Edwin Arlington Robinson
1041.txt	Shakespeare's Sonnets	1997	William Shakespeare
1043.txt	The Story of Evolution	1997	Joseph McCabe
1045.txt	Venus and Adonis	1997	William Shakespeare
1046.txt	God The Invisible King	2006	Herbert George Wells
1047.txt	The New Machiavelli	1997	Herbert George Wells
1048.txt	The Ruling Passion	1997	Henry van Dyke
1049.txt	Vanished Arizona	1997	Martha Summerhayes
105.txt	Persuasion	2008	Jane Austen
1050.txt	Dark Lady of the Sonnets	2008	George Bernard Shaw
1051.txt	Sartor Resartus	1997	Thomas Carlyle
1052.txt	Step by Step	1997	The American Tract Society
1053.txt	Within the Tides	2011	Joseph Conrad
1056.txt	Martin Eden	2004	Jack London
1059.txt	The World Set Free	2006	Herbert George Wells
106.txt	Jungle Tales of Tarzan	2008	Edgar Rice Burroughs
1061.txt	Myths and Myth-Makers	1997	John Fiske
1062.txt	First Gutenberg Collection of Edgar Allan Poe	1997	Edgar Allan Poe
1063.txt	The Cask of Amontillado	2010	Edgar Allan Poe
1064.txt	The Masque of the Red Death	2010	Edgar Allan Poe
1065.txt	The Raven	2010	Edgar Allan Poe
1067.txt	Personal Memoirs of U. S. Grant, Volume One	2004	Ulysses S. Grant
1068.txt	Personal Memoirs of U. S. Grant, Volume Two	2004	Ulysses S. Grant
1069.txt	Nana, The Miller's Daughter, Captain Burle, Death of Olivier Becaille	2006	Emile Zola
107.txt	Far from the Madding Crowd	1994	Thomas Hardy
1076.txt	The Wallet of Kai Lung	1997	Ernest Bramah
1077.txt	The Mirror of Kong Ho	1997	Ernest Bramah
1078.txt	The Scouts of the Valley	1997	Joseph A. Altsheler
1079.txt	The Life and Opinions of Tristram Shandy, Gentleman	1997	Laurence Sterne
108.txt	The Return of Sherlock Holmes	2007	Arthur Conan Doyle
1080.txt	A Modest Proposal	1997	Jonathan Swift
1083.txt	The Arrow of Gold	2009	Joseph Conrad
1085.txt	The Life of John Sterling	1997	Thomas Carlyle
1087.txt	Baartock	1997	Lewis Roth
1088.txt	Rolf In The Woods	1997	Ernest Thompson Seton
1089.txt	Moon-Face and Other Stories	1997	Jack London
109.txt	Renascence and Other Poems	2008	Edna St. Vincent Millay
1090.txt	The Bickerstaff-Partridge Papers	1997	Jonathan Swift
1091.txt	Heroes and Hero Worship	1997	Thomas Carlyle
1093.txt	The Beast in the Jungle	2005	Henry James
1097.txt	Mrs. Warren's Profession	2006	George Bernard Shaw
1098.txt	The Turmoil	1997	Booth Tarkington
1099.txt	The Riverman	1997	Stewart Edward White
11.txt	Alice's Adventures in Wonderland	1994	Lewis Carroll
110.txt	Tess of the d'Urbervilles	1994	Thomas Hardy
1103.txt	King Richard III	1997	William Shakespeare
111.txt	Freckles	2006	Gene Stratton-Porter
1112.txt	Romeo and Juliet	1997	William Shakespeare
1118.txt	Much Ado About Nothing	1997	William Shakespeare
112.txt	Violists	1994	Richard McGowan
1121.txt	As You Like It	1997	William Shakespeare
113.txt	The Secret Garden	2008	Frances Hodgson Burnett
1138.txt	The Research Magnificent	1997	H. G. Wells
1139.txt	Fisherman's Luck	1997	Henry van Dyke
114.txt	Tenniel Illustrations for Alice in Wonderland	2008	Sir John Tenniel
1140.txt	Latter-Day Pamphlets	1997	Thomas Carlyle
1142.txt	Typhoon	2006	Joseph Conrad
1143.txt	Notes on Life and Letters	2005	Joseph Conrad
1144.txt	In the Cage	2005	Henry James
1146.txt	Journal of A Voyage to Lisbon	1997	Henry Fielding
1147.txt	From This World to the Next	2008	Henry Fielding
1149.txt	From London to Land's End	2007	Daniel Defoe
115.txt	United States Census Figures back to 1630	2008	U.S. Census of Population and Housing
1150.txt	The Danish History, Books I-IX	2006	Saxo Grammaticus
1151.txt	The Nibelungenlied	1997	Unknown
1152.txt	The Story of the Volsungs, (Volsunga Saga)	1997	Unknown
1153.txt	The Chessmen of Mars	1998	Edgar Rice Burroughs
1157.txt	Damaged Goods	1998	Upton Sinclair
1158.txt	Penrod and Sam	1998	Booth Tarkington
1159.txt	Fire-Tongue	1998	Sax Rohmer
1160.txt	The Game	2005	Jack London
1161.txt	Jerry of the Islands	2005	Jack London
1162.txt	The Jacket (The Star-Rover)	2005	Jack London
1163.txt	Adventure	2005	Jack London
1164.txt	The Iron Heel	2006	Jack London
1167.txt	A Strange Disappearance	1998	Anna Katharine Green
1168.txt	The Pool in the Desert	1998	Sara Jeanette Duncan
1169.txt	Agesilaus	1998	Xenophon
117.txt	Beethoven's Fifth Symphony, in C-minor, Opus #67	2012	Ludwig van Beethoven
1170.txt	Anabasis	1998	Xenophon
1171.txt	The Apology	1998	Xenophon
1172.txt	The Cavalry General	1998	Xenophon
1173.txt	The Economist	1998	Xenophon
1174.txt	Hellenica	1998	Xenophon
1175.txt	Hiero	1998	Xenophon
1176.txt	On Horsemanship	1998	Xenophon
1177.txt	The Memorabilia	1998	Xenophon
1178.txt	The Polity of the Athenians and the Lacedaemonians	1998	Xenophon
1179.txt	On Revenues	2008	Xenophon
118.txt	Big Dummy's Guide to the Internet	1994	Electronic Frontier Foundation
1180.txt	The Sportsman	1998	Xenophon
1181.txt	The Symposium	1998	Xenophon
1182.txt	Dope	1998	Sax Rohmer
1183.txt	The Return of Dr. Fu-Manchu	1998	Sax Rohmer
1185.txt	History of the Conflict Between Religion and Science	1998	John William Draper
1186.txt	Poems	2005	Alice Meynell
1187.txt	War of the Classes	2007	Jack London
1188.txt	The Lair of the White Worm	2005	Bram Stoker
1189.txt	The Message	1998	Honore de Balzac
1190.txt	The Jolly Corner	2005	Henry James
1191.txt	The Double-Dealer	2008	William Congreve
1194.txt	The Adventures of Louis de Rougemont	2007	Louis de Rougemont
1195.txt	Glasses	2005	Henry James
1196.txt	The Purse	1998	Honore de Balzac
1197.txt	Taras Bulba and Other Tales	1998	Nikolai Vasilievich Gogol
1198.txt	Robbery Under Arms	2008	Thomas Alexander Browne
12.txt	Through the Looking-Glass	1991	Charles Dodgson
1200.txt	Gargantua and Pantagruel, Complete.	2004	Francois Rabelais
1202.txt	Tales of Unrest	2006	Joseph Conrad
1203.txt	Dolly Dialogues	1998	Anthony Hope
1204.txt	Cabin Fever	1998	B. M. Bower
1205.txt	The Colour of Life	2005	Alice Meynell
1206.txt	Flying U Ranch	1998	B. M. Bower
1207.txt	Nada the Lily	2007	H. Rider Haggard
1208.txt	South Sea Tales	1998	Jack London
1209.txt	History of the Conquest of Peru	1998	William Hickling Prescott
121.txt	Northanger Abbey	1994	Jane Austen
1210.txt	Kwaidan: Stories and Studies of Strange Things	1998	Lafcadio Hearn
1211.txt	A Selection From The Lyrical Poems Of Robert Herrick	1998	Robert Herrick
1212.txt	Love And Freindship And Other Early Works	1998	Jane Austen
1213.txt	The Man that Corrupted Hadleyburg	2005	Mark Twain
1214.txt	The Street of Seven Stars	1998	Mary Roberts Rinehart
1215.txt	The Elixir of Life	1998	Honore de Balzac
1216.txt	Decline of Science in England	1998	Charles Babbage
1217.txt	Penelope's Experiences in Scotland	1998	Kate Douglas Wiggin
1218.txt	The Adventures of Jimmie Dale	2006	Frank L. Packard
1219.txt	An Essay on Comedy	2005	George Meredith
122.txt	Return of the Native	2006	Thomas Hardy
1220.txt	The Atheist's Mass	1998	Honore de Balzac
1222.txt	Cobb's Anatomy	1998	Irvin S. Cobb
1223.txt	Ursula	1997	Honore de Balzac
1225.txt	Faraday As A Discoverer	1998	John Tyndall
1227.txt	The Expression of Emotion in Man and Animals	1998	Charles Darwin
1228.txt	On the Origin of Species	1998	Charles Darwin
123.txt	At the Earth's Core	2008	Edgar Rice Burroughs
1230.txt	Pierre Grassou	1998	Honore de Balzac
1231.txt	On the Track	1998	Henry Lawson
1232.txt	The Prince	2006	Nicolo Machiavelli
1235.txt	Captain Fracasse	2006	Theophile Gautier
1236.txt	First Across the Continent	2006	Noah Brooks
1237.txt	Father Goriot	1998	Honore de Balzac
1238.txt	The City of Dreadful Night	1998	James Thomson
1239.txt	The Spirit of the Border	2004	Zane Grey
124.txt	Deuterocanonical Books of the Bible	2008	Unknown
1240.txt	The Playboy of the Western World	1998	J. M. Synge
1241.txt	The Well of the Saints	1998	J. M. Synge
1242.txt	Unconscious Comedians	1998	Honore de Balzac
1243.txt	Hearts of Controversy	2005	Alice Meynell
1245.txt	Night and Day	1998	Virginia Woolf
1246.txt	The House of Dust	1998	Conrad Aiken
1247.txt	Second April	1998	Edna St. Vincent Millay
1248.txt	Last of the Great Scouts	2006	Helen Cody Wetmore
125.txt	A Girl Of The Limberlost	2006	Gene Stratton Porter
1250.txt	Anthem	1998	Ayn Rand
1251.txt	Le Morte D'Arthur, Volume I (of II)	1998	Thomas Malory
1252.txt	Le Morte D'Arthur, Volume II (of II)	1998	Thomas Malory
1253.txt	A Simple Soul	2006	Gustave Flaubert
1254.txt	Cyrano de Bergerac	1998	Edmond Rostand
1257.txt	The Three Musketeers	1998	Alexandre Dumas
1258.txt	Ten Years Later	1998	Alexandre Dumas
1259.txt	Twenty Years After	2003	Alexandre Dumas
126.txt	The Poison Belt	2008	Arthur Conan Doyle
1260.txt	Jane Eyre	2007	Charlotte Bronte
1261.txt	Betty Zane	2004	Zane Grey
1263.txt	The Glimpses of the Moon	1998	Edith Wharton
1264.txt	The Wheels of Chance	1998	H. G. Wells
1265.txt	Queen Victoria	2006	Lytton Strachey
1266.txt	Lavender and Old Lace	1998	Myrtle Reed
1267.txt	Kai Lung's Golden Hours	1998	Ernest Bramah
1268.txt	The Mysterious Island	1998	Jules Verne
1269.txt	Soul of a Bishop	2006	H. G. Wells
127.txt	Number "e" (Natural Log) to Approximately 1 Million Places	2008	Robert Nemiroff
1270.txt	In Defense of Women	1998	H. L. Mencken
1271.txt	Bygone Beliefs	2008	H. Stanley Redgrove
1273.txt	The Autobiography of a Slander	2007	Edna Lyall
1274.txt	Martin Hyde, The Duke's Messenger	1998	John Masefield
1276.txt	The Rhythm of Life	2005	Alice Meynell
1277.txt	Melmoth Reconciled	1998	Honore de Balzac
1278.txt	Penelope's English Experiences	1998	Kate Douglas Wiggin
1279.txt	Poems And Songs Of Robert Burns	2005	Robert Burns
128.txt	The Arabian Nights Entertainments	2008	Andrew Lang.
1281.txt	Tom Swift and his Aerial Warship	1998	Victor Appleton
1282.txt	Tom Swift Among The Diamond Makers	1998	Victor Appleton
1283.txt	Tom Swift and his Wizard Camera	1998	Victor Appleton
1284.txt	Tom Swift and his Air Scout	1998	Victor Appleton
1285.txt	The Water Goats and Other Troubles	1998	Ellis Parker Butler
1288.txt	Dream Days	1998	Kenneth Grahame
129.txt	The Square Root of Two, to 5 Million Digits	2008	Robert Nemiroff
1291.txt	Herodias	2006	Gustave Flaubert
1294.txt	The Firm of Nucingen	1998	Honore de Balzac
1295.txt	Ceres' Runaway	2005	Alice Meynell
1296.txt	The Provost	2007	John Galt
1297.txt	The Iron Puddler	1998	James J. Davis
1298.txt	The Virginian	1998	Owen Wister
1299.txt	The Heritage of the Sioux	1998	B.M. Bower
13.txt	The Hunting of the Snark	1992	Lewis Carroll
130.txt	Orthodoxy	1994	G. K. Chesterton
1300.txt	Riders of the Purple Sage	2000	Zane Grey
1302.txt	Enemies of Books	1998	William Blades
1303.txt	The Scapegoat	2006	Hall Caine
1305.txt	The Ball at Sceaux	1998	Honore de Balzac
1306.txt	Seven Men	1998	Max Beerbohm
1307.txt	The Magic Skin	1998	Honore de Balzac
1309.txt	The Spirit of Place	2005	Alice Meynell
131.txt	The Pilgrim's Progress	2008	John Bunyan
1311.txt	If	1998	Lord Dunsany
1312.txt	Selected Stories	2006	Bret Harte
1313.txt	Over the Sliprails	1998	Henry Lawson
1314.txt	The Malefactor	1998	E. Phillips Oppenheim
1315.txt	Autobiography and Selected Essays	2006	Thomas Henry Huxley
1316.txt	Some Reminiscences	2006	Joseph Conrad
1317.txt	Saltbush Bill, J.P., and Other Verses	1998	A. B. Paterson
1318.txt	The Twin Hells	1997	John N. Reynolds
132.txt	The Art of War	1994	Sun Tzu
1322.txt	Leaves of Grass	1998	Walt Whitman
1323.txt	The Conquest Of Peru	1998	William H. Prescott
1326.txt	The Crisis in Russia	1998	Arthur Ransome
1327.txt	Elizabeth and her German Garden	1998	Elizabeth
133.txt	The Damnation of Theron Ware	2006	Harold Frederic
1330.txt	The Story of Little Black Sambo, and The Story of Little Black Mingo	1998	Helen Bannerman
1332.txt	Peter Pan in Kensington Gardens	1998	J. M. Barrie
1333.txt	Robert F. Murray	2007	Robert F. Murray
1334.txt	Paul Kelver	1998	Jerome Klapka
1335.txt	The Ancien Regime	2005	Charles Kingsley
1336.txt	Shelley	2005	Francis Thompson
1337.txt	Shelley	1998	Sydney Waterlow
1338.txt	Selected Prose of Oscar Wilde	2005	Oscar Wilde
134.txt	Maria	2006	Mary Wollstonecraft
1341.txt	The Altruist in Politics	1998	Benjamin Cardozo
1342.txt	Pride and Prejudice	1998	Jane Austen
1343.txt	Bureaucracy	1998	Honore de Balzac
1344.txt	The Secrets of the Princesse de Cadignan	1997	Honore de Balzac
1345.txt	The Vicar of Tours	1998	Honore de Balzac
1346.txt	The Eighteenth Brumaire of Louis Bonaparte	2006	Karl Marx
1347.txt	A New Philosophy: Henri Bergson	1998	Edouard le Roy
1348.txt	A Master's Degree	1998	Margaret Hill McCarter
1349.txt	Russia	2006	Donald Mackenzie Wallace
1350.txt	The Country Doctor	1998	Honore de Balzac
1352.txt	An Old Maid	1998	Honore de Balzac
1353.txt	Off on a Comet	1998	Jules Verne
1354.txt	Chronicles of Avonlea	1998	Lucy Maud Montgomery
1355.txt	The Underground City	1998	Jules Verne
1356.txt	The Cruise of the Cachalot	1998	Frank T. Bullen
1357.txt	Madame Firmiani	1998	Honore de Balzac
1358.txt	Enoch Arden, &c.	1998	Alfred Tennyson
136.txt	A Child's Garden of Verses	2008	Robert Louis Stevenson
1360.txt	Historical Lectures and Essays	2005	Charles Kingsley
1361.txt	Tom Swift and his Giant Cannon	1998	Victor Appleton
1362.txt	Tom Swift and his Undersea Search	1998	Victor Appleton
1363.txt	Tom Swift among the Fire Fighters	1998	Victor Appleton
1364.txt	Tom Swift and his Electric Locomotive	1998	Victor Appleton
1365.txt	The Complete Poetical Works of Henry Wadsworth Longfellow	2004	Henry Wadsworth Longfellow
1366.txt	The Cloister and the Hearth	2006	Charles Reade
1367.txt	Findelkind	1998	Louise de la Ramee
1368.txt	When the World Shook	1998	H. Rider Haggard
1369.txt	Paz	1998	Honore de Balzac
137.txt	Sara Crewe	2006	Frances Hodgson Burnett
1371.txt	Astoria	2006	Washington Irving
1372.txt	The Adventures of Captain Bonneville	2006	Washington Irving
1373.txt	Study of a Woman	1997	Honore de Balzac
1374.txt	Vendetta	1997	Honore de Balzac
1375.txt	New Chronicles of Rebecca	1998	Kate Douglas Wiggin
1376.txt	The Little White Bird	1998	J. M. Barrie
1377.txt	The Talisman	1998	Sir Walter Scott
1378.txt	The Land of Footprints	1998	Stewart Edward White
1379.txt	A Straight Deal	1998	Owen Wister
138.txt	George Sand, Some Aspects of Her Life and Writings	2006	Rene Doumic
1380.txt	The Two Brothers	1997	Honore de Balzac
1384.txt	The Ayrshire Legatees	2008	John Galt
1385.txt	Lin McLean	1998	Owen Wister
1386.txt	Lady Baltimore	1998	Owen Wister
1387.txt	Mother	1998	Owen Wister
1388.txt	Padre Ignacio	1998	Owen Wister
1389.txt	Gobseck	1997	Honore de Balzac
139.txt	The Lost World	2008	Arthur Conan Doyle
1390.txt	The Jimmyjohn Boss and Other Stories	1998	Owen Wister
1391.txt	Penelope's Irish Experiences	1998	Kate Douglas Wiggin
1392.txt	The Seven Poor Travellers	2005	Charles Dickens
1393.txt	Amours de Voyage	1998	Arthur Hugh Clough
1394.txt	The Holly-Tree	2005	Charles Dickens
1395.txt	Letters on Literature	2005	Andrew Lang
1396.txt	Rienzi	2006	Edward Bulwer Lytton
1397.txt	The Ruins	2006	C. F. Volney
1399.txt	Anna Karenina	1998	Leo Tolstoy
14.txt	The 1990 CIA World Factbook	0	United States.  Central Intelligence Agency
140.txt	The Jungle	2006	Upton Sinclair
1400.txt	Great Expectations	1998	Charles Dickens
1401.txt	Tarzan the Untamed	1998	Edgar Rice Burroughs
1402.txt	Where the Blue Begins	1998	Christopher Morley
1403.txt	A Start in Life	1997	Honore de Balzac
1404.txt	The Federalist Papers	1998	Alexander Hamilton;John Jay;James Madison
1405.txt	The Collection of Antiquities	1998	Honore de Balzac
1406.txt	The Perils of Certain English Prisoners	2005	Charles Dickens
1407.txt	A Message from the Sea	2005	Charles Dickens
1409.txt	The Soul of the Far East	1998	Percival Lowell
1410.txt	The Commission in Lunacy	1998	Honore de Balzac
1411.txt	Domestic Peace	1998	Honore de Balzac
1413.txt	Tom Tiddler's Ground	2005	Charles Dickens
1414.txt	Somebody's Luggage	2005	Charles Dickens
1415.txt	Doctor Marigold	2005	Charles Dickens
1416.txt	Mrs. Lirriper's Lodgings	2005	Charles Dickens
1417.txt	Sons of the Soil	1998	Honore de Balzac
1418.txt	Country Sentiment	1998	Robert Graves
1419.txt	Mugby Junction	2005	Charles Dickens
1420.txt	London's Underworld	1998	Thomas Holmes
1421.txt	Mrs. Lirriper's Legacy	2005	Charles Dickens
1422.txt	Going into Society	2005	Charles Dickens
1423.txt	No Thoroughfare	2005	Charles Dickens;Wilkie Collins
1424.txt	Castle Rackrent	2006	Maria Edgeworth
1425.txt	El Verdugo	1998	Honore de Balzac
1426.txt	The Recruit	1998	Honore de Balzac
1427.txt	A Drama on the Seashore	1998	Honore de Balzac
1428.txt	La Grenadiere	1998	Honore de Balzac
1429.txt	The Garden Party	1998	Katherine Mansfield
143.txt	The Mayor of Casterbridge	2007	Thomas Hardy
1430.txt	Beautiful Stories from Shakespeare	1998	E. Nesbit
1431.txt	Trooper Peter Halket of Mashonaland	1998	Olive Schreiner
1432.txt	Seraphita	1998	Honore de Balzac
1433.txt	The Red Inn	1998	Honore de Balzac
1434.txt	Essays	2005	Alice Meynell
1436.txt	A Voyage to Abyssinia	2007	Jerome Lobo
1437.txt	Juana	1998	Honore de Balzac
1439.txt	Dreams	1998	Olive Schreiner
144.txt	The Voyage Out	2006	Virginia Woolf
1440.txt	Woman and Labour	1998	Olive Schreiner
1441.txt	The Story of an African Farm	1998	Olive Schreiner
1442.txt	The Kingdom of the Blind	1998	E. Phillips Oppenheim
1443.txt	Two Poets	1998	Honore de Balzac
1444.txt	The Voice of the City	1998	O. Henry
1446.txt	Perfect Behavior	1998	Donald Ogden Stewart
1447.txt	The Illustrious Prince	1998	E. Phillips Oppenheim
1448.txt	Heidi	1998	Johanna Spyri
1449.txt	The Valley of the Moon	1998	Jack London
145.txt	Middlemarch	2008	George Eliot
1450.txt	Pollyanna	1998	Eleanor H. Porter
1453.txt	The Alkahest	1998	Honore de Balzac
1454.txt	Maitre Cornelius	1998	Honore de Balzac
1455.txt	The Hated Son	1998	Honore de Balzac
1456.txt	An Episode Under the Terror	1998	Honore de Balzac
1457.txt	Mistress Wilding	1998	Rafael Sabatini
1458.txt	Dream Life and Real Life	1998	Olive Schreiner
1459.txt	Prufrock and Other Observations	1998	T. S. Eliot
146.txt	A Little Princess	2008	Frances Hodgson Burnett
1460.txt	The Black Dwarf	2006	Sir Walter Scott
1461.txt	A Legend of Montrose	2006	Sir Walter Scott
1463.txt	The Private Papers of Henry Ryecroft	2005	George Gissing
1465.txt	The Wreck of the Golden Mary	2005	Charles Dickens
1468.txt	The History of England from the Accession of James II.	1998	Thomas Babington Macaulay
1471.txt	New Poems	1998	Francis Thompson
1472.txt	In a German Pension	1998	Katherine Mansfield
1473.txt	The Absentee	2006	Maria Edgeworth
1474.txt	The Illustrious Gaudissart	1998	Honore de Balzac
1475.txt	Gaudissart II	1998	Honore de Balzac
1476.txt	Chance	2005	Joseph Conrad
1477.txt	The Toys of Peace	2005	Saki
1478.txt	A Parody Outline of History	1998	Donald Ogden Stewart
148.txt	The Autobiography of Benjamin Franklin	2008	Benjamin Franklin
1480.txt	Tom Brown's Schooldays	2006	Thomas Hughes
1481.txt	A Daughter of Eve	1998	Honore de Balzac
1482.txt	Modeste Mignon	1998	Honore de Balzac
1484.txt	The Four Horsemen of the Apocalypse	2006	Vicente Blasco Ibanez
1486.txt	The Unseen World and Other Essays	1998	John Fiske
1487.txt	The Perfect Wagnerite	1998	George Bernard Shaw
1488.txt	The True Story of Christopher Columbus	2006	Elbridge S. Brooks
149.txt	The Lost Continent	2008	Edgar Rice Burroughs
1492.txt	The Life of Christopher Columbus from his own Letters and Journals	2006	Edward Everett Hale
1493.txt	The Legends of the Jews Volume 1	1998	Louis Ginzberg
1495.txt	The Golf Course Mystery	1998	Chester K. Steele
1496.txt	Massacre at Paris	1998	Christopher Marlowe
1497.txt	The Republic	1998	Plato
1498.txt	Beacon Lights of History, Volume III, Part 1	1998	John Lord
1499.txt	Beacon Lights of History, Volume 3, Part 2	1998	John Lord
15.txt	Moby Dick	1991	Herman Melville
150.txt	Plato's Republic	2008	Plato
151.txt	The Rime of the Ancient Mariner	2006	Samuel Taylor Coleridge
1517.txt	The Merry Wives of Windsor	1998	William Shakespeare
152.txt	Wild Justice	1994	Ruth M. Sprague
153.txt	Jude the Obscure	1994	Thomas Hardy
1531.txt	Othello, the Moor of Venice	1998	William Shakespeare
1539.txt	The Winter's Tale	1998	William Shakespeare
154.txt	The Rise of Silas Lapham	2008	William Dean Howells
1549.txt	Commentary on the Epistle to the Galatians	1998	Martin Luther
1550.txt	A Lady of Quality	2005	Frances Hodgson Burnett
1551.txt	A Cathedral Courtship	2008	Kate Douglas Wiggin
1553.txt	The Hidden Masterpiece	1998	Honore de Balzac
1554.txt	Adieu	1998	Honore de Balzac
1555.txt	A Passion in the Desert	1998	Honore de Balzac
1556.txt	The Marriage Contract	1998	Honore de Balzac
1557.txt	Men of Iron	2006	Howard Pyle
1559.txt	A Distinguished Provincial at Paris	1998	Honore de Balzac
156.txt	Beethoven's Fifth Symphony, in C-minor, Opus #67	2012	Ludwig van Beethoven
1560.txt	The San Francisco Calamity	2006	Unknown
1561.txt	Pagan & Christian Creeds	1998	Edward Carpenter
1562.txt	Little Rivers	2006	Henry van Dyke
1563.txt	The Crystal Stopper	1998	Maurice LeBlanc
1564.txt	Life of Johnson	2006	James Boswell
1565.txt	The Last Days of Pompeii	2006	Edward George Bulwer-Lytton
1566.txt	The Evolution of Modern Medicine	2006	William Osler
1569.txt	The Lily of the Valley	1998	Honore de Balzac
157.txt	Daddy-Long-Legs	2008	Jean Webster
1571.txt	Critias	1998	Plato
1572.txt	Timaeus	1998	Plato
1573.txt	Frank's Campaign	1998	Horatio Alger, Jr.
1574.txt	Historic Girls	1998	E. S. Brooks
1577.txt	The Grey Room	1998	Eden Phillpotts
1578.txt	Aucassin and Nicolete	2005	Andrew Lang
1579.txt	Lysis	1998	Plato
158.txt	Emma	1994	Jane Austen
1580.txt	Charmides	1998	Plato
1581.txt	The Holy Bible	1998	Unknown
1582.txt	The Bible, Douay-Rheims, New Testament	1998	Unknown
1583.txt	Options	1998	O. Henry
1584.txt	Laches	1998	Plato
1585.txt	The Wrong Box	2006	Robert Louis Stevenson;Lloyd Osbourne
1586.txt	Man and Wife	2006	Wilkie Collins
1587.txt	The Black Robe	2006	Wilkie Collins
1588.txt	A Rogue's Life	2006	Wilkie Collins
159.txt	The Island of Doctor Moreau	2004	H. G. Wells
1590.txt	The Amazing Interlude	2004	Mary Roberts Rinehart
1591.txt	Protagoras	1999	Plato
1593.txt	How to Tell the Birds from the Flowers	1999	Robert Williams Wood
1594.txt	Essays in Little	2007	Andrew Lang
1595.txt	Whirligigs	1999	O. Henry
1596.txt	Smoke Bellew	1998	Jack London
1597.txt	Andersen's Fairy Tales	1999	Hans Christian Andersen
1598.txt	Euthydemus	1999	Plato
1599.txt	Cinderella; or, The Little Glass Slipper and Other Stories	1999	Unknown
16.txt	Peter Pan	1991	James M. Barrie
160.txt	The Awakening and Selected Short Stories	2006	Kate Chopin
1600.txt	Symposium	1999	Plato
1601.txt	The Breaking Point	1999	Mary Roberts Rinehart
1602.txt	Dawn O'Hara, The Girl Who Laughed	1999	Edna Ferber
1603.txt	The Blue Flower, and Others	1999	Henry van Dyke
1604.txt	The Ebb-Tide	1999	Robert Louis Stevenson;Lloyde Osbourne
1605.txt	The Crock of Gold	1999	James Stephens
1606.txt	Kenilworth	2006	Sir Walter Scott
1608.txt	Camille (La Dame aux Camilias)	1999	Alexandre Dumas
1609.txt	The Bible, Douay-Rheims, Old Testament--Part I	1999	Unknown
161.txt	Sense and Sensibility	2008	Jane Austen
1610.txt	The Bible, Douay-Rheims, Old Testament--Part 2	1999	Unknown
1611.txt	Seventeen	2006	Booth Tarkington
1612.txt	Poems By a Little Girl	1999	Hilda Conkling
1613.txt	Count Bunker	1999	J. Storer Clouston
1614.txt	The Golden Fleece	1999	Julian Hawthorne
1616.txt	Cratylus	1999	Plato
1617.txt	The Wind in the Rose-bush and Other Stories of the Supernatural	1999	Mary Eleanor Wilkins Freeman
1618.txt	In the Shadow of the Glen	1999	J. M. Synge
162.txt	Take Me for a Ride	1994	Mark E. Laxer
1620.txt	The Lion and the Unicorn and Other Stories	1999	Richard Harding Davis
1621.txt	Miss or Mrs.?	2006	Wilkie Collins
1622.txt	The Law and the Lady	1999	Wilkie Collins
1623.txt	The New Magdalen	1999	Wilkie Collins
1624.txt	The Two Destinies	1999	Wilkie Collins
1625.txt	The Frozen Deep	1999	Wilkie Collins
1626.txt	After Dark	1999	Wilkie Collins
1628.txt	My Lady's Money	2006	Wilkie Collins
1629.txt	I Say No	1999	Wilkie Collins
163.txt	Flower Fables	2008	Louisa May Alcott
1630.txt	Little Novels	1999	Wilkie Collins
1631.txt	A Monk of Fife	2005	Andrew Lang
1632.txt	A Book of Scoundrels	2006	Charles Whibley
1634.txt	The Foolish Virgin	1999	Thomas Dixon
1635.txt	Ion	1999	Plato
1636.txt	Phaedrus	1999	Plato
1638.txt	The New Revelation	1999	Arthur Conan Doyle
1639.txt	Eve and David	1999	Honore de Balzac
164.txt	Twenty Thousand Leagues under the Sea (slightly abridged)	1994	Jules Verne
1640.txt	Lilith	1999	George MacDonald
1641.txt	The Lesser Bourgeoisie	1999	Honore de Balzac
1642.txt	Euthyphro	1999	Plato
1643.txt	Meno	1999	Plato
1644.txt	The Adventures of Gerard	1999	Arthur Conan Doyle
1646.txt	Roads of Destiny	1997	O. Henry
1649.txt	Ferragus	1999	Honore de Balzac
165.txt	McTeague	2006	Frank Norris
1651.txt	The Mystery of Orcival	2006	Emile Gaboriau
1652.txt	The Survivors of the Chancellor	1999	Jules Verne
1654.txt	An Unsocial Socialist	2006	George Bernard Shaw
1655.txt	The God of His Fathers	2005	Jack London
1656.txt	Apology	1999	Plato
1658.txt	Phaedo	1999	Plato
1659.txt	The Girl with the Golden Eyes	1999	Honore de Balzac
166.txt	Summer	2006	Edith Wharton
1660.txt	Scenes from a Courtesan's Life	1999	Honore de Balzac
1662.txt	The 1997 CIA World Factbook	1999	United States. Central Intelligence Agency.
1663.txt	Webster's Seventh of March Speech, and the Secession Movement	1999	Herbert Darling Foster
1664.txt	Songs for Parents	1999	John Farrar
1665.txt	Derrick Vaughan--Novelist	1999	Edna Lyall
1666.txt	The Golden Asse	2006	Lucius Apuleius
1667.txt	My Aunt Margaret's Mirror	1999	Sir Walter Scott
1668.txt	The Tapestried Chamber, and Death of the Laird's Jock	1999	Sir Walter Scott
1669.txt	The Human Drift	2005	Jack London
167.txt	American Handbook of the Daguerrotype	2008	Samuel D. Humphrey
1670.txt	The Small Catechism of Martin Luther	1999	Martin Luther
1671.txt	When a Man Marries	1999	Mary Roberts Rinehart
1672.txt	Gorgias	1999	Plato
1673.txt	Lesser Hippias	1999	Plato
1676.txt	Alcibiades I	1999	(may be spurious) Plato
1677.txt	Alcibiades II	1999	An Imitator of Plato
1678.txt	An Historical Mystery	1998	Honore de Balzac
1679.txt	Hiram The Young Farmer	1999	Burbank L. Todd
168.txt	The History and Practice of the Art of Photography	2008	Henry H. Snelling
1680.txt	At the Sign of the Cat and Racket	1998	Honore de Balzac
1681.txt	Eryxias	1999	An Imitator of Plato
1682.txt	Menexenus	1999	Plato
1683.txt	Honorine	1998	Honore de Balzac
1684.txt	The Egoist	1999	George Meredith
1685.txt	The Mystery of the Yellow Room	1999	Gaston Leroux
1686.txt	The Secret of the Night	1999	Gaston Leroux
1687.txt	Parmenides	1999	Plato
1688.txt	The People of the Abyss	2005	Jack London
1689.txt	The Pivot of Civilization	2008	Margaret Sanger
169.txt	The Well at the World's End	2008	William Morris
1690.txt	Marie	1999	H. Rider Haggard
1692.txt	1492	1999	Mary Johnston
1693.txt	Dangerous Days	1999	Mary Roberts Rinehart
1697.txt	Madam How and Lady Why	2005	Charles Kingsley
1698.txt	The Survivors of the Chancellor	1999	Jules Verne
1699.txt	The Vanished Messenger	1999	E. Phillips Oppenheim
17.txt	The Book Of Mormon	1992	Unknown
170.txt	The Haunted Hotel	2008	Wilkie Collins
1700.txt	Life of Charlotte Bronte	1999	Elizabeth Cleghorn Gaskell
1701.txt	The Story Of Waitstill Baxter	1999	By Kate Douglas Wiggin
1703.txt	Dead Men Tell No Tales	1999	E. W. Hornung
1704.txt	Pierrette	1999	Honore de Balzac
1705.txt	A History of Science, Volume 1(of 5)	1999	Henry Smith Williams
1706.txt	A History of Science, Volume 2(of 5)	1999	Henry Smith Williams
1707.txt	A History of Science, Volume 3(of 5)	1999	Henry Smith Williams
1708.txt	A History of Science, Volume 4(of 5)	1999	Henry Smith Williams
171.txt	Charlotte Temple	2006	Susanna Rowson
1710.txt	La Grande Breteche	1999	Honore de Balzac
1711.txt	Child of Storm	1999	H. Rider Haggard
1712.txt	The Rescue	2006	Joseph Conrad
1713.txt	Lincoln	2006	Nathaniel Wright Stephenson
1714.txt	Another Study of Woman	1999	Honore de Balzac
1715.txt	Eugenie Grandet	1999	Honore de Balzac
1716.txt	The Copy-Cat and Other Stories	1999	Mary E. Wilkins Freeman
1717.txt	What's Wrong With The World	1999	G.K. Chesterton
1718.txt	Manalive	2005	G. K. Chesterton
1719.txt	The Ballad of the White Horse	1999	G.K. Chesterton
172.txt	The Haunted Bookshop	2008	Christopher Morley
1720.txt	The Man Who Knew Too Much	2004	G.K. Chesterton
1721.txt	The Trees of Pride	1999	G.K. Chesterton
1723.txt	Cow-Country	1999	B. M. Bower
1724.txt	Finished	2004	H. Rider Haggard
1725.txt	Heart of the West	1999	O. Henry
1726.txt	Theaetetus	1999	Plato
1727.txt	The Odyssey	1999	Homer
1729.txt	The Deserted Woman	1999	Honore de Balzac
173.txt	The Insidious Dr. Fu-Manchu	2008	Sax Rohmer
1730.txt	Michael, Brother of Jerry	2005	Jack London
1732.txt	The Schoolmistress and Other Stories	2006	Anton Chekhov
1733.txt	The Red Cross Girl	1999	Richard Harding Davis
1734.txt	The Secret Places of the Heart	2006	H. G. Wells
1735.txt	Sophist	1999	Plato
1737.txt	Facino Cane	1999	Honore de Balzac
1738.txt	Statesman	1999	Plato
1739.txt	The Black Death, and The Dancing Mania	2007	Justus Friedrich Karl Hecker
174.txt	The Picture of Dorian Gray	2008	Oscar Wilde
1740.txt	The Flying U's Last Stand	1999	B. M. Bower
1741.txt	The White Moll	1999	Frank L. Packard
1742.txt	Miss Civilization	1999	Richard Harding Davis
1743.txt	Twelve Stories and a Dream	1999	H. G. Wells
1744.txt	Philebus	1999	Plato
1745.txt	The Poetical Works of John Milton	1999	John Milton
1747.txt	The Red Seal	1999	Natalie Sumner Lincoln
1749.txt	Cousin Betty	1999	Honore de Balzac
175.txt	The Phantom of the Opera	2008	Gaston Leroux
1750.txt	Laws	1999	Plato
1751.txt	Twilight Land	1999	Howard Pyle
1753.txt	Swan Song	2006	Anton Checkov
1754.txt	The Sea-Gull	2006	Anton Checkov
1755.txt	Ivanoff	1999	Anton Checkov
1756.txt	Uncle Vanya	1999	Anton Checkov
1757.txt	The Cruise of the Dolphin	1999	Thomas Bailey Aldrich
1758.txt	Marjorie Daw	1999	Thomas Bailey Aldrich
1759.txt	The Black-Bearded Barbarian (George Leslie Mackay)	1999	Mary Esther Miller MacGregor
176.txt	Roderick Hudson	2006	Henry James
1761.txt	My Buried Treasure	1999	Richard Harding Davis
1762.txt	The Consul	1999	Richard Harding Davis
1763.txt	The Nature Faker	1999	Richard Harding Davis
1764.txt	Billy and the Big Stick	1999	Richard Harding Davis
178.txt	Confidence	2006	Henry James
179.txt	The Europeans	2006	Henry James
18.txt	The Federalist Papers	1991	Alexander Hamilton
180.txt	The 1994 CIA World Factbook	2008	United States Central Intelligence Agency
1803.txt	Wyoming, a Story of the Outdoor West	1999	William MacLeod Raine
1804.txt	War and the Future	2006	H. G. Wells
1805.txt	The Gentle Grafter	1999	O. Henry
1806.txt	The Frame Up	1999	Richard Harding Davis
1807.txt	The Lost House	1999	Richard Harding Davis
1808.txt	The Log of The "Jolly Polly"	1999	Richard Harding Davis
1809.txt	Bucky O'Connor	1999	William MacLeod Raine
1810.txt	A Second Home	1999	Honore de Balzac
1811.txt	Massimilla Doni	2010	Honore de Balzac
1812.txt	A Prince of Bohemia	1999	Honore de Balzac
1813.txt	A Man of Business	1999	Honore de Balzac
1814.txt	The Agony Column	1999	Earl Derr Biggers
1815.txt	The Boys' Life of Abraham Lincoln	1999	Helen Nicolay
1816.txt	Tattine	1999	Ruth Ogden
1817.txt	A Question of Latitude	2006	Richard Harding Davis
1818.txt	The Spy	2006	Richard Harding Davis
1819.txt	The Messengers	2006	Richard Harding Davis
1820.txt	A Wasted Day	2006	Richard Harding Davis
1821.txt	A Charmed Life	2006	Richard Harding Davis
1822.txt	The Amateur	2006	Richard Harding Davis
1823.txt	The Make-Believe Man	1999	Richard Harding Davis
1824.txt	Peace Manoeuvres	2006	Richard Harding Davis
1825.txt	The Adventures of Reddy Fox	1999	Thornton W. Burgess
1826.txt	Sarrasine	2010	Honore de Balzac
1827.txt	The Life of Charlotte Bronte - Volume 1	2005	Elizabeth Gaskell
1828.txt	Chronicles of the Canongate	1999	Sir Walter Scott
1829.txt	Mae Madden	2006	Mary Murdoch Mason
1830.txt	Wyndham Towers	1998	Thomas Bailey Aldrich
1832.txt	The Lamp That Went Out	1999	Augusta Groner
1833.txt	The Case of the Registered Letter	1999	Augusta Groner
1834.txt	The Case of The Pocket Diary Found in the Snow	1999	Grace Isabel Colbron;Augusta Groner
1835.txt	The Case of The Pool of Blood in the Pastor's Study	1999	Grace Isabel Colbron;Augusta Groner
1836.txt	The Case of the Golden Bullet	1999	Grace Isabel Colbron;Augusta Groner
1838.txt	A New Voyage to Carolina	#N/A	John Lawson
1839.txt	Other Things Being Equal	1999	Emma Wolf
1840.txt	The Financier	2006	Theodore Dreiser
1841.txt	Z. Marcas	1999	Honore de Balzac
1842.txt	Michael Strogoff	1999	Jules Verne
1843.txt	Vera	1999	Richard Harding Davis
1845.txt	Zuleika Dobson	1999	Max Beerbohm
1846.txt	The Vision Spendid	1999	William MacLeod Raine
1847.txt	Songs, Merry and Sad	1999	John Charles McNeill
1848.txt	Montezuma's Daughter	2006	H. Rider Haggard
1849.txt	The Yellow Crayon	1999	E. Phillips Oppenheim
1850.txt	Old Christmas	2006	Washington Irving
1851.txt	The Woman in the Alcove	1999	Anna Katharine Green
1852.txt	Lucile	1999	Owen Meredith
1853.txt	The Ninth Vibration And Other Stories	1999	L. Adams Beck
1854.txt	Catherine de' Medici	1999	Honore de Balzac
1856.txt	Cousin Pons	1999	Honore de Balzac
1857.txt	Initials Only	1999	Anna Katharine Green
1858.txt	Plain Tales from the Hills	1999	Rudyard Kipling
1859.txt	The Works of Max Beerbohm	1999	Max Beerbohm
1860.txt	Westward Ho!	2006	Charles Kingsley
1861.txt	An Old Town By The Sea	2006	Thomas Bailey Aldrich
1862.txt	Tartarin of Tarascon	1999	Alphonse Daudet
1864.txt	Hero Tales From American History	1999	Henry Cabot Lodge;Theodore Roosevelt
1865.txt	North America, Volume I (of 2)	1999	Anthony Trollope
1866.txt	North America, Volume II (of 2)	1998	Anthony Trollope
1867.txt	The Diary of a Goose Girl	2007	Kate Douglas Smith Wiggin
1869.txt	The Man in Lower Ten	1999	Mary Roberts Rinehart
1870.txt	Reginald in Russia	2010	Saki
1871.txt	The Deputy of Arcis	1999	Honore de Balzac
1872.txt	The Red House Mystery	1999	A. A. Milne
1873.txt	Gambara	1999	Honore de Balzac
1874.txt	The Railway Children	1999	E. Nesbit
1875.txt	Painted Windows	1999	Elia W. Peattie
1876.txt	The Shape of Fear	1999	Elia W. Peattie
1877.txt	A Mountain Woman and Others	1998	Elia W. Peattie
1878.txt	A Millionaire of Yesterday	1999	E. Phillips Oppenheim
1879.txt	Royalty Restored	1999	J. Fitzgerald Molloy
1880.txt	The Pathfinder	1999	James Fenimore Cooper
1881.txt	The Call of the Canyon	1999	Zane Grey
1883.txt	The Wife and Other Stories	2006	Anton Chekhov
1884.txt	The Exiles	1999	Honore de Balzac
1885.txt	Bunyan Characters	2005	Alexander Whyte
1886.txt	Bunyan Characters (Second Series)	2005	Alexander Whyte
1887.txt	The Life of the Spider	2005	J. Henri Fabre
1888.txt	The Bittermeads Mystery	1999	E. R. Punshon
1890.txt	Speaking of Operations--	1999	Irvin S. Cobb
1891.txt	A Plea for Old Cap Collier	1999	Irvin S. Cobb
1892.txt	Extracts From Adam's Diary	2004	Mark Twain (Samuel Clemens)
1894.txt	Visit to Iceland	2007	Ida Pfeiffer
1896.txt	Under the Red Robe	1999	Stanley Weyman
1897.txt	The Seventh Man	1999	Max Brand
1898.txt	Albert Savarus	1999	Honore de Balzac
1899.txt	The Village Rector	1999	Honore de Balzac
19.txt	The Song Of Hiawatha	2007	Henry W. Longfellow
1900.txt	Typee	1999	Herman Melville
1901.txt	Secret of the Woods	1999	William J. Long
1902.txt	The Old Peabody Pew	2005	Kate Douglas Wiggin
1904.txt	The Life and Perambulations of a Mouse	1999	Dorothy Kilner
1905.txt	The Governess	1999	Sarah Fielding
1906.txt	Erewhon	2005	Samuel Butler
1907.txt	Rowdy of the Cross L	1999	B.M. Sinclair
1908.txt	Her Prairie Knight	1999	B.M. Sinclair
1909.txt	Darwin and Modern Science	1999	A.C. Seward
1911.txt	Concerning Christian Liberty	2006	Martin Luther
1912.txt	The Muse of the Department	1999	Honore de Balzac
1913.txt	The Drums Of Jeopardy	1999	Harold MacGrath
1915.txt	The Second Thoughts of An Idle Fellow	1999	Jerome K. Jerome
1916.txt	The Great Stone Face	2006	Nathaniel Hawthorne
1917.txt	The Queen of Hearts	1999	Wilkie Collins
1918.txt	Long Odds	2010	H. Rider Haggard
1919.txt	Ballads	1999	Horatio Alger, Jr.
1921.txt	The Chouans	1999	Honore de Balzac
1925.txt	Droll Stories, Volume 1	2004	Honore de Balzac
1926.txt	Grandfather's Chair	1999	Nathaniel Hawthorne
1929.txt	The School For Scandal	1999	Richard Brinsley Sheridan
1930.txt	Penguin Island	2006	Anatole France
1931.txt	The Zeppelin's Passenger	1999	E. Phillips Oppenheim
1932.txt	Early Kings of Norway	1999	Thomas Carlyle
1933.txt	The History of Samuel Titmarsh	2006	William Makepeace Thackeray
1934.txt	Songs of Innocence and Songs of Experience	2008	William Blake
1937.txt	The Second Jungle Book	1999	Rudyard Kipling
1938.txt	Resurrection	1999	Leo Tolstoy
1939.txt	A Gentleman of France	1999	Stanley Weyman
1940.txt	Christ in Flanders	1999	Honore de Balzac
1941.txt	Letters of Two Brides	1999	Honore de Balzac
1942.txt	Rise and Fall of Cesar Birotteau	1999	Honore de Balzac
1943.txt	Louis Lambert	1999	Honore de Balzac
1944.txt	The Witch and Other Stories	2006	Anton Chekhov
1945.txt	Egmont	1999	Johann Wolfgang Von Goethe
1946.txt	On War	2006	Carl von Clausewitz
1947.txt	Scaramouche	1999	Rafael Sabatini
1948.txt	The Story of a Bad Boy	2006	Thomas Bailey Aldrich
1949.txt	On the Ruin of Britain	1999	Gildas
1950.txt	A Woman of Thirty	1999	Honore de Balzac
1951.txt	The Coming Race	2006	Edward Bulwer Lytton
1953.txt	A Book of Strife in the Form of The Diary of an Old Soul	1999	George MacDonald
1954.txt	Colonel Chabert	1999	Honore de Balzac
1955.txt	The Darrow Enigma	1999	Melvin L. Severy
1956.txt	And Even Now	1999	Max Beerbohm
1957.txt	Beatrix	1999	Honore de Balzac
1958.txt	Hermann and Dorothea	1999	Johann Wolfgang von Goethe
1959.txt	The Crown of Thorns	1999	E. H. Chapin
1960.txt	Sight Unseen	1999	Mary Roberts Rinehart
1963.txt	The Confession	1999	Mary Roberts Rinehart
1966.txt	The Path of the King	1999	John Buchan
1967.txt	The Brotherhood of Consolation	1999	Honore de Balzac
1968.txt	The Human Comedy	1999	Honore de Balzac
1969.txt	Catherine: A Story	1999	William Makepeace Thackeray
1970.txt	A Poor Wise Man	1999	Mary Roberts Rinehart
1971.txt	Erewhon Revisited	2005	Samuel Butler
1972.txt	History Of The Britons (Historia Brittonum)	2006	Nennius
1973.txt	Tales of Troy: Ulysses the Sacker of Cities	2005	Andrew Lang
1974.txt	Poetics	1999	Aristotle
1975.txt	The Legacy of Cain	1999	Wilkie Collins
1976.txt	Peter Ruff and the Double Four	1999	E. Phillips Oppenheim
1977.txt	Phaedra	1999	Jean Baptiste Racine
1978.txt	Buttercup Gold and Other Stories	1999	Ellen Robena Field
1979.txt	The Perdue Chicken Cookbook	1999	Mitzi Perdue
1980.txt	Stories by English Authors: Africa	2006	Unknown
1983.txt	Monsieur Beaucaire	2006	Booth Tarkington
1985.txt	Men's Wives	1999	William Makepeace Thackeray
1987.txt	The Outlet	1999	Andy Adams
1988.txt	The History of Tom Thumb, and Others	1999	Unknown
1989.txt	The Foolish Dictionary	2007	Gideon Wurdz
1990.txt	The Bedford-Row Conspiracy	1999	William Makepeace Thackeray
1994.txt	Adventures among Books	2005	Andrew Lang
1998.txt	Thus Spake Zarathustra	1999	Friedrich Nietzsche
1999.txt	Crome Yellow	1999	Aldous Huxley
20.txt	Paradise Lost	1991	John Milton
200.txt	The Project Gutenberg Gutenberg Encyclopedia, Vol 1	1995	Project Gutenberg
2002.txt	Sonnets from the Portuguese	2004	Browning, Elizabeth Barrett
2003.txt	Spirits in Bondage	1999	C. S. Lewis
2004.txt	Pigs is Pigs	1999	Ellis Parker Butler
2005.txt	Piccadilly Jim	2012	P. G. Wodehouse
2006.txt	A Fair Penitent	1999	Wilkie Collins
2007.txt	We Two	1999	Edna Lyall
2008.txt	Mazelli, and Other Poems	1999	George W. Sands
2009.txt	On the Origin of Species	1999	Charles Darwin
201.txt	Flatland: A Romance of Many Dimensions (Illustrated)	2008	Edwin A. Abbot
2010.txt	The Autobiography of Charles Darwin	1999	Charles Darwin
2011.txt	Rudder Grange	1999	Frank R. Stockton
2012.txt	The Children	2005	Alice Meynell
2013.txt	The Pit Prop Syndicate	1999	Freeman Wills Crofts
2014.txt	The Lodger	2005	Marie Belloc Lowndes
2015.txt	A Miscellany of Men	2008	G. K. Chesterton
2016.txt	The 1998 CIA World Factbook	1999	United States.  Central Intelligence Agency.
2017.txt	The Dhammapada	1999	Unknown
2019.txt	The Bat	2000	Avery Hopwood
202.txt	My Bondage and My Freedom	2008	Frederick Douglass
2020.txt	Tarzan the Terrible	2000	Edgar Rice Burroughs
2021.txt	Nostromo: A Tale of the Seaboard	2006	Joseph Conrad
2022.txt	Angling Sketches	2005	Andrew Lang
2023.txt	Malvina of Brittany	2000	Jerome K. Jerome
2024.txt	Diary of a Pilgrimage	2008	Jerome K. Jerome
2025.txt	My Lady Caprice	2000	Jeffery Farnol
2026.txt	The Coming Conquest of England	2006	August Niemann
2027.txt	Tartuffe	2000	Jean-Baptiste Poquelin Moliere
2028.txt	The Yellow Claw	2006	Sax Rohmer
2029.txt	Lahoma	2000	John Breckinridge Ellis
2030.txt	Legends Of Babylon And Egypt	2006	Leonard W. King
2032.txt	Martin Pippin in the Apple Orchard	2000	Eleanor Farjeon
2034.txt	Waverley	2006	Sir Walter Scott
2035.txt	Stories by English Authors: Orient	2006	Unknown
2036.txt	Eight Years' Wandering in Ceylon	2000	Samuel White Baker
2037.txt	Novel Notes	2005	Jerome K. Jerome
2038.txt	The Lock And Key Library	2005	Unknown
2039.txt	Evangeline	2000	Henry Wadsworth Longfellow
204.txt	The Innocence of Father Brown	2008	G. K. Chesterton
2040.txt	Confessions of an English Opium-Eater	2005	Thomas De Quincey
2041.txt	The House of the Wolf	2000	Stanley Weyman
2042.txt	Something New	2000	P. G. Wodehouse
2044.txt	The Education of Henry Adams	2000	Henry Adams
2045.txt	My Memories of Eighty Years	2000	Chauncey M. Depew
2048.txt	The Sketch Book of Geoffrey Crayon, Gent.	2000	Washington Irving
2049.txt	Liber Amoris, or, The New Pygmalion	2000	William Hazlitt
2050.txt	Old John Brown	2000	Walter Hawkins
2051.txt	Dickory Cronke	2005	Daniel Defoe
2052.txt	Everybody's Business is Nobody's Business	2005	Daniel Defoe
2053.txt	The American Republic: Its Constitution, Tendencies, and Destiny	2000	A. O. Brownson
2056.txt	The Life of William Carey	2000	George Smith
2057.txt	The Last of the Plainsmen	2000	Zane Grey
2058.txt	Messer Marco Polo	2000	Brian Oswald Donn-Byrne
2059.txt	The Little Shepherd of Kingdom Come	2000	John Fox
206.txt	The Martin Luther King, Jr. Day, 1995, Memorial Issue	2008	Unknown
2060.txt	The History of the Caliph Vathek	2010	William Beckford
2062.txt	All for Love	2000	John Dryden
2063.txt	The Trail of the White Mule	2000	B. M. Bower
2064.txt	A Journey to the Western Isles of Scotland	2005	Samuel Johnson
2065.txt	Dick Hamilton's Airship	2000	Howard R. Garis
2066.txt	Wildfire	2000	Zane Grey
2067.txt	Beasts, Men and Gods	2006	Ferdinand Ossendowski
2068.txt	Keziah Coffin	2006	Joseph C. Lincoln
2069.txt	The Religion of Babylonia and Assyria	2000	Theophilus G. Pinches
207.txt	The Spell of the Yukon	1995	Robert Service
2070.txt	To the Last Man	2000	Zane Grey
2071.txt	Stories By English Authors: Germany	2006	Unknown
2072.txt	Michael	2006	E. F. Benson
2073.txt	The Valet's Tragedy and Other Stories	2000	Andrew Lang
2076.txt	The Civilization Of China	2006	Herbert A. Giles
2077.txt	The Nabob	2006	Alphonse Daudet
2078.txt	Thais	2006	Anatole France
2079.txt	From the Memoirs of a Minister of France	2000	Stanley Weyman
208.txt	Daisy Miller	2008	Henry James
2081.txt	The Blithedale Romance	2000	Nathaniel Hawthorne
2082.txt	Memoirs of the Comtesse du Barry	2000	Etienne Leon Lamothe-Langon
2083.txt	In Search of the Castaways	2000	Jules Verne
2084.txt	The Way of All Flesh	2005	Samuel Butler
2085.txt	Cyropaedia	2000	Xenophon
2086.txt	The Slowcoach	2000	E. V. Lucas
2087.txt	The Life and Letters of Charles Darwin, Volume I (of II)	1999	Charles Darwin
2088.txt	The Life and Letters of Charles Darwin, Volume II (of II)	2000	Charles Darwin
2089.txt	The Reception of the 'Origin of Species'	2000	Thomas Henry Huxley
209.txt	The Turn of the Screw	1995	Henry James
2094.txt	The Original Writings of Samuel Adams, Volume 4	2000	Samuel Adams
2095.txt	Clotelle: a Tale of the Southern States	2000	William Wells Brown
2096.txt	A Smaller History of Greece	2000	William Smith
2097.txt	The Sign of the Four	2000	Arthur Conan Doyle
2098.txt	A Thief in the Night	2000	E. W. Hornung
2099.txt	History of the Moravian Church	2000	J. E. Hutton
21.txt	Aesop's Fables	1991	Aesop
210.txt	An International Episode	2008	Henry James
2101.txt	History Of Friedrich II. of Prussia, Vol. I. (of XXI.)	2000	Thomas Carlyle
2102.txt	History Of Friedrich II. of Prussia, Vol, II. (of XXI.)	2000	Thomas Carlyle
2103.txt	History Of Friedrich II. of Prussia, Vol. III. (of XXI.)	2000	Thomas Carlyle
2104.txt	History Of Friedrich II. of Prussia, Volume IV. (of XXI.)	2000	Thomas Carlyle
2105.txt	History Of Friedrich II. of Prussia, Volume V. (of XXI.)	2000	Thomas Carlyle
2106.txt	History Of Friedrich II. of Prussia, Vol. VI. (of XXI.)	2000	Thomas Carlyle
2107.txt	History Of Friedrich II. of Prussia, Vol. VII. (of XXI.)	2000	Thomas Carlyle
2108.txt	History Of Friedrich II. of Prussia, Vol. VIII. (of XXI.)	2000	Thomas Carlyle
2109.txt	History of Friedrich II. of Prussia, Vol. IX. (of XXI.)	2000	Thomas Carlyle
211.txt	The Aspern Papers	2008	Henry James
2110.txt	History of Friedrich II. of Prussia, Vol. X. (of XXI.)	2000	Thomas Carlyle
2111.txt	History of Friedrich II. of Prussia, Vol. XI. (of XXI.)	2000	Thomas Carlyle
2112.txt	History of Friedrich II. of Prussia, Vol. XII. (of XXI.)	2000	Thomas Carlyle
2113.txt	History of Friedrich II. of Prussia, Vol. XIII. (of XXI.)	2000	Thomas Carlyle
2114.txt	History of Friedrich II. of Prussia, Vol. XIV. (of XXI.)	2000	Thomas Carlyle
2115.txt	History of Friedrich II. of Prussia, Vol. XV. (of XXI.)	2000	Thomas Carlyle
2116.txt	History of Friedrich II. of Prussia, Vol. XVI. (of XXI.)	2000	Thomas Carlyle
2117.txt	History of Friedrich II. of Prussia, Vol. XVII. (of XXI.)	2000	Thomas Carlyle
2118.txt	History of Friedrich II. of Prussia, Vol. XVIII. (of XXI.)	2000	Thomas Carlyle
2119.txt	History of Friedrich II. of Prussia, Vol. XIX. (of XXI.)	2000	Thomas Carlyle
212.txt	A List of Factorial Math Constants	1995	Unknown
2120.txt	History of Friedrich II. of Prussia, Vol. XX. (of XXI.)	2000	Thomas Carlyle
2121.txt	History of Friedrich II. of Prussia, Vol. XXI. (of XXI.)	2000	Thomas Carlyle
2122.txt	History of Friedrich II. of Prussia, Appendix	2000	Thomas Carlyle
2123.txt	The Crime of Sylvestre Bonnard	2000	Anatole France
2124.txt	Record of Buddhistic Kingdoms	2006	Fa-Hsien
2126.txt	The Quest of the Sacred Slipper	2000	Sax Rohmer
2127.txt	Paul and Virginia	2006	Bernardin de Saint Pierre
2128.txt	Narratives of New Netherland, 1609-1664	2000	Unknown
2129.txt	Murad the Unlucky and Other Tales	2005	Maria Edgeworth
213.txt	The Man from Snowy River	1995	Andrew Barton 'Banjo' Paterson
2130.txt	Utopia	2005	Thomas More
2131.txt	An Account of Egypt	2006	Herodotus
2132.txt	The Daughter of an Empress	2006	Louise Muhlbach
2133.txt	Chinese Sketches	2006	Herbert A. Giles
2134.txt	Utopia of Usurers and other Essays	2000	Gilbert Keith Chesterton
2135.txt	Stories By English Authors: London	2006	Unknown
2136.txt	The Tale of Balen	2008	Algernon Charles Swinburne
2139.txt	Alvira: the Heroine of Vesuvius	2000	A. J. O'Reilly
214.txt	In the Days When the World Was Wide and Other Verses	2008	Henry Lawson
2141.txt	Strictly Business	2000	O. Henry
2142.txt	Childhood	2006	Leo Tolstoy
2145.txt	Ben-Hur: A Tale of the Christ	2000	Lew Wallace
2148.txt	The Works of Edgar Allan Poe	2008	Edgar Allan Poe
215.txt	The Call of the Wild	2008	Jack London
2154.txt	Around the World in 80 Days	2000	Jules Verne
2155.txt	Phyllis of Philistia	2006	Frank Frankfort Moore
2156.txt	China and the Manchus	1999	Herbert Allen Giles
2157.txt	Female Suffrage	2000	Susan Fenimore Cooper
2158.txt	The Prime Minister	1999	Anthony Trollope
216.txt	Tao Teh King	1995	Lao-Tze
2160.txt	The Expedition of Humphry Clinker	2000	Tobias Smollett
2161.txt	Song Book of Quong Lee of Limehouse	2000	Thomas Burke
2162.txt	Anarchism and Other Essays	2000	Emma Goldman
2163.txt	The Bridge-Builders	2006	Rudyard Kipling
2164.txt	The Lumley Autograph	2000	Susan Fenimore Cooper
2165.txt	The Lifted Veil	2005	George Eliot
2166.txt	King Solomon's Mines	2005	H. Rider Haggard
2167.txt	The Miscellaneous Writings and Speeches of Lord Macaulay, Vol. 1 (of 4)	2000	Thomas Babington Macaulay
2168.txt	The Miscellaneous Writings and Speeches of Lord Macaulay, Vol. 2 (of 4)	2000	Thomas Babington Macaulay
2169.txt	The Miscellaneous Writings and Speeches of Lord Macaulay, Vol. 3. (of 4)	2000	Thomas Babington Macaulay
217.txt	Sons and Lovers	2006	David Herbert Lawrence
2170.txt	The Miscellaneous Writings and Speeches of Lord Macaulay, Vol. 4 (of 4)	2000	Thomas Babington Macaulay
2171.txt	Brother Jacob	2005	George Eliot
2172.txt	That Mainwaring Affair	2000	Maynard Barbour
2173.txt	Thoughts on the Present Discontents	2007	Edmund Burke
2175.txt	You Never Can Tell	2000	George Bernard Shaw
2176.txt	Seven Discourses on Art	2005	Joshua Reynolds
2177.txt	Thankful Blossom	2000	Bret Harte
2178.txt	By Shore and Sedge	2000	Bret Harte
2179.txt	Drift from Two Shores	2000	Bret Harte
2180.txt	In a Hollow of the Hills	2000	Bret Harte
2181.txt	The Marble Faun, Volume I.	2006	Nathaniel Hawthorne
2182.txt	The Marble Faun, Volume II.	2006	Nathaniel Hawthorne
2183.txt	Three Men on the Bummel	2006	Jerome K. Jerome
2185.txt	Maruja	2000	Bret Harte
2186.txt	Captains Courageous	2000	Rudyard Kipling
219.txt	Heart of Darkness	1995	Joseph Conrad
2191.txt	Boy Scouts in Mexico; or On Guard with Uncle Sam	2000	G. Harvey Ralphson
2193.txt	A Ward of the Golden Gate	2000	Bret Harte
2194.txt	Mauprat	2006	George Sand
2196.txt	An Iceland Fisherman	2006	Pierre Loti
2197.txt	The Gambler	2000	Fyodor Dostoyevsky
2198.txt	Stories from Pentamerone	2000	Giambattista Basile
2199.txt	The Iliad	2000	Homer
22.txt	Roget's Thesaurus	1991	Peter Mark Roget
220.txt	The Secret Sharer	1995	Joseph Conrad
2201.txt	Human Genome Project, rough draft, Chromosome Number 01	2000	Human Genome Project
2202.txt	Human Genome Project, rough draft, Chromosome Number 02	2000	Human Genome Project
2203.txt	Human Genome Project, rough draft, Chromosome Number 03	2000	Human Genome Project
2204.txt	Human Genome Project, rough draft, Chromosome Number 04	2000	Human Genome Project
2205.txt	Human Genome Project, rough draft, Chromosome Number 05	2000	Human Genome Project
2206.txt	Human Genome Project, rough draft, Chromosome Number 06	2000	Human Genome Project
2207.txt	Human Genome Project, rough draft, Chromosome Number 07	2000	Human Genome Project
2208.txt	Human Genome Project, rough draft, Chromosome Number 08	2000	Human Genome Project
2209.txt	Human Genome Project, rough draft, Chromosome Number 09	2000	Human Genome Project
221.txt	The Return of Sherlock Holmes	2008	Arthur Conan Doyle
2210.txt	Human Genome Project, rough draft, Chromosome Number 10	2000	Human Genome Project
2211.txt	Human Genome Project, rough draft, Chromosome Number 11	2000	Human Genome Project
2212.txt	Human Genome Project, rough draft, Chromosome Number 12	2000	Human Genome Project
2213.txt	Human Genome Project, rough draft, Chromosome Number 13	2000	Human Genome Project
2214.txt	Human Genome Project, rough draft, Chromosome Number 14	2000	Human Genome Project
2215.txt	Human Genome Project, rough draft, Chromosome Number 15	2000	Human Genome Project
2216.txt	Human Genome Project, rough draft, Chromosome Number 16	2000	Human Genome Project
2217.txt	Human Genome Project, rough draft, Chromosome Number 17	2000	Human Genome Project
2218.txt	Human Genome Project, rough draft, Chromosome Number 18	2000	Human Genome Project
2219.txt	Human Genome Project, rough draft, Chromosome Number 19	2000	Human Genome Project
222.txt	The Moon and Sixpence	2007	W. Somerset Maugham
2220.txt	Human Genome Project, rough draft, Chromosome Number 20	2000	Human Genome Project
223.txt	The Wisdom of Father Brown	1995	G. K. Chesterton
224.txt	A Pair of Blue Eyes	2008	Thomas Hardy
226.txt	Cicero's Orations	2008	Cicero
227.txt	The Aeneid	2008	Virgil
228.txt	The Aeneid	2008	Virgil
229.txt	The Bucolics and Eclogues	2008	Virgil
23.txt	The Narrative of the Life of Frederick Douglass	2006	Frederick Douglass
230.txt	The Bucolics and Eclogues	2008	Virgil
231.txt	The Georgics	2008	Virgil
232.txt	The Georgics	2008	Virgil
233.txt	Sister Carrie	1995	Theodore Dreiser
234.txt	Child Christopher	2008	William Morris
235.txt	William Gibson Interviewed	1995	Giuseppe Salza
236.txt	The Jungle Book	2006	Rudyard Kipling
237.txt	Sexti Properti Carmina	2008	Sextus Propertius
238.txt	Dear Enemy	2008	Jean Webster
239.txt	Radar Map of the United States	1995	United States
24.txt	O Pioneers!	1992	Willa Cather
240.txt	Stories From the Old Attic	1995	Robert Harris
241.txt	Clotelle	2008	William Wells Brown
242.txt	My Antonia	2008	Willa Cather
243.txt	The Forged Coupon and Other Stories	2006	Leo Tolstoy
244.txt	A Study In Scarlet	1995	Arthur Conan Doyle
246.txt	Rubaiyat of Omar Khayyam	1995	Omar Khayyam
249.txt	French Cave Paintings	1995	Jean Clottes
25.txt	The 1991 CIA World Factbook	1992	United States.  Central Intelligence Agency.
250.txt	A Brief History of the Internet	1995	Michael Hart
251.txt	1995 United States Congressional Address Book	1995	United States
252.txt	Copyright Law of the United States of America:	2008	Library of Congress Copyright Office
253.txt	The Universal Copyright Convention (1988)	2008	Coalition for Networked Information
254.txt	The Second Story of Meno	2008	Unknown
255.txt	QREAD, an Etext Viewer for Windows	1995	Dan Scavelle
256.txt	Motion Picture of Rotating Earth	1995	United States
257.txt	Troilus and Criseyde	1995	Geoffrey Chaucer
258.txt	Poems	2008	Adam Lindsay Gordon
259.txt	Ballads of a Cheechako	2008	Robert W. Service
26.txt	Paradise Lost	1992	John Milton
260.txt	Introduction to Robert Browning	2008	Hiram Corson
261.txt	A Dome of Many-Coloured Glass	2008	Amy Lowell
262.txt	The Collected Poems of Rupert Brooke	1995	Rupert Brooke
263.txt	Trees and Other Poems	1995	Joyce Kilmer
264.txt	Main Street and Other Poems	2008	Alfred Joyce Kilmer
265.txt	The Life and Death of Cormac the Skald	2008	Unknown
266.txt	Confessio Amantis	2008	John Gower
267.txt	The Touchstone	2008	Edith Wharton
268.txt	The Octopus	2008	Frank Norris
27.txt	Far from the Madding Crowd	1992	Thomas Hardy
270.txt	Dream Days	2008	Kenneth Grahame
271.txt	Black Beauty	2006	Anna Sewell
272.txt	An Open Letter on Translating	2008	Gary Mann
273.txt	The Smalcald Articles	1995	Martin Luther
274.txt	Martin Luther's 95 Theses	2008	Martin Luther
275.txt	The Confession of Faith	2008	Unknown
276.txt	One Hundred Fourth Symphony, in D-major	1995	Franz Josef Haydn
277.txt	Trinity [Atomic Test] Site	2008	The National Atomic Museum
278.txt	Trinity [Atomic test] Site	1995	White Sands Missile Range Public Affairs Office
279.txt	Photos and Maps of Trinity (Atomic Test) Site	1995	United States Army
28.txt	Aesop's Fables	1992	Aesop
280.txt	Records of a Family of Engineers	2010	Robert Louis Stevenson
281.txt	Father Damien	2007	Robert Louis Stevenson
283.txt	The Reef	1995	Edith Wharton
284.txt	House of Mirth	2008	Edith Wharton
285.txt	The Lost Continent	2008	C. J. Cutcliffe Hyne
286.txt	Laddie	2008	Gene Stratton Porter
287.txt	Remember the Alamo	2008	Amelia E. Barr
288.txt	The Certain Hour	2008	James Branch Cabell
289.txt	The Wind in the Willows	1995	Kenneth Grahame
29.txt	Census of Population and Housing, 1990	1992	United States Bureau of the Census
290.txt	The Stark Munro Letters	1995	J. Stark Munro
291.txt	The Golden Age	2008	Kenneth Grahame
292.txt	Beauty and The Beast, and Tales From Home	2008	Bayard Taylor
293.txt	Paul Prescott's Charge	2006	Horatio Alger
295.txt	The Early Short Fiction of Edith Wharton, Part 1 (of 10)	1995	Edith Wharton
296.txt	The Cash Boy	2006	Horatio Alger Jr.
297.txt	The Flirt	2004	Booth Tarkington
298.txt	The Market-Place	2008	Harold Frederic
299.txt	Tales From Two Hemispheres	1995	Hjalmar Hjorth Boysen
30.txt	The Bible, King James Version, Complete	1992	Unknown
300.txt	United States Declaration of Independence	1995	Thomas Jefferson
301.txt	The Ballad of Reading Gaol	1995	Oscar Wilde
302.txt	The Fibonacci Number Series	1995	Michael Husted
303.txt	HomeBrew HomePages Put YOU on the World Wide Web	2015	Unknown
304.txt	Rio Grande's Last Race and Other Verses	1995	Andrew Barton 'Banjo' Paterson
305.txt	The Count's Millions	2008	Emile Gaboriau
306.txt	The Early Short Fiction of Edith Wharton,  Part 2 (of 10)	1995	Edith Wharton
307.txt	Three Elephant Power	2008	Andrew Barton 'Banjo' Paterson
308.txt	Three Men in a Boat	2010	Jerome K. Jerome
309.txt	Rhymes of a Rolling Stone	1995	Robert W. Service
31.txt	The Oedipus Trilogy	2006	Sophocles
310.txt	Before Adam	1995	Jack London
311.txt	Bunner Sisters	2008	Edith Wharton
312.txt	Young Adventure	1995	Stephen Vincent Benet
313.txt	The Children of the Night	2008	Edwin Arlington Robinson
314.txt	Guide to Life and Literature of the Southwest	1995	J. Frank Dobie
315.txt	Rhymes of a Red Cross Man	1995	Robert W. Service
316.txt	The Golden Road	2008	Lucy Maud Montgomery
317.txt	The Culprit Fay	2007	Joseph Rodman Drake
318.txt	John Barleycorn	2008	Jack London
32.txt	Herland	1992	Charlotte Perkins Stetson Gilman
321.txt	Moran of the Lady Letty	2008	Frank Norris
322.txt	St. Ives	2010	Robert Louis Stevenson
323.txt	Verses 1889-1896	2008	Rudyard Kipling
324.txt	A Knight of the Cumberland	2008	John Fox Jr.
326.txt	Steep Trails	1995	John Muir
327.txt	The Princess Aline	2008	Richard Harding Davis
328.txt	A Heap o' Livin'	2008	Edgar A. Guest
33.txt	The Scarlet Letter	1992	Nathaniel Hawthorne
330.txt	Where There's A Will	2006	Mary Roberts Rinehart
331.txt	The Mucker	1995	Edgar Rice Burroughs
332.txt	The Burial of the Guns	2008	Thomas Nelson Page
333.txt	Robert Louis Stevenson	2007	Walter Raleigh
334.txt	Episodes in Van Bibber's Life	2008	Richard Harding Davis
335.txt	Frances Waldeaux	2008	Rebecca Harding Davis
336.txt	Indian Heroes and Great Chieftains	2008	Charles A. Eastman
337.txt	Indian Boyhood	2008	Charles A. Eastman
338.txt	Old Indian Legends	2008	Zitkala-Sa
339.txt	Old Indian Days	2008	Charles A. Eastman
34.txt	Zen and the Art of the Internet	1992	Brendan P. Kehoe
340.txt	The Soul of the Indian	2008	Charles A. Eastman
341.txt	Myths and Legends of the Sioux	1995	Marie L. McLaughlin
342.txt	Margaret Ogilvy	2010	J. M. Barrie
343.txt	Fables	2007	Robert Louis Stevenson
344.txt	The Merry Men	2007	Robert Louis Stevenson
345.txt	Dracula	2013	Bram Stoker
346.txt	The Troll Garden and Selected Stories	1995	Willa Cather
347.txt	Grettir The Strong	2008	Unknown
348.txt	Hesiod, The Homeric Hymns, and Homerica	2008	Homer;Hesiod
349.txt	The Harvester	1995	Gene Stratton Porter
35.txt	The Time Machine	2004	H. G. (Herbert George) Wells
350.txt	Fanny Herself	2008	Edna Ferber
351.txt	Of Human Bondage	2008	W. Somerset Maugham
352.txt	Buttered Side Down	2008	Edna Ferber
353.txt	In Flanders Fields and Other Poems	2008	John McCrae
354.txt	The Story of a Pioneer	1995	Anna Howard Shaw
355.txt	The Parasite	2008	Arthur Conan Doyle
356.txt	Beyond the City	2008	Arthur Conan Doyle
357.txt	A Dream of John Ball, A King's Lesson	2008	William Morris
358.txt	The Scarlet Car	2008	Richard Harding Davis
359.txt	Good Stories For Great Holidays	1995	Frances Jenkins Olcott
360.txt	What is Property?	1995	P. J. Proudhon
361.txt	Miss Billy Married	2008	Eleanor H. Porter
362.txt	Miss Billy's Decision	2008	Eleanor H. Porter
363.txt	The Oakdale Affair	2008	Edgar Rice Burroughs
364.txt	The Mad King	2004	Edgar Rice Burroughs
365.txt	The Land of Little Rain	2008	Mary Austin
366.txt	Bab: A Sub-Deb	1995	Mary Roberts Rinehart
367.txt	The Country of the Pointed Firs	2008	Sarah Orne Jewett
368.txt	Acres of Diamonds	2008	Russell H. Conwell
369.txt	The Outlaw of Torn	2008	Edgar Rice Burroughs
37.txt	Census of Population and Housing, 1990 [2nd]	1992	United States Bureau of the Census
370.txt	The Fortunes and Misfortunes of the Famous Moll Flanders &c.	2008	Daniel Defoe
371.txt	Literary Blunders	1995	Henry Benjamin Wheatley
372.txt	Prince Otto	2010	Robert Louis Stevenson
373.txt	Lay Morals	2010	Robert Louis Stevenson
374.txt	Fantastic Fables	2007	Ambrose Bierce
375.txt	An Occurrence at Owl Creek	2008	Ambrose Bierce
376.txt	A Journal of the Plague Year	2006	Daniel Defoe
377.txt	Kansas Women in Literature	2008	Nettie Garmer Barker
378.txt	The White Knight: Tirant lo Blanc	1995	Joanot Martorell;Marti Johan d'Galba
379.txt	Worldly Ways and Byways	2007	Eliot Gregory
38.txt	The Jargon File, Version 2.9.10, 01 Jul 1992	1992	Unknown
380.txt	Weir of Hermiston	2010	Robert Louis Stevenson
381.txt	Memories and Portraits	2010	Robert Louis Stevenson
382.txt	Edinburgh	2010	Robert Louis Stevenson
383.txt	She Stoops to Conquer	1995	Oliver Goldsmith
384.txt	The Lost Prince	1996	Frances Hodgson Burnett
385.txt	The Redheaded Outfield and Other Baseball Stories	1996	Zane Grey
389.txt	The Great God Pan	1996	Arthur Machen
39.txt	Hitchhiker's Guide to the Internet	1992	Ed Krol
391.txt	The Song of Roland	1996	Unknown
392.txt	Jerusalem Delivered	1995	Torquato Tasso
396.txt	The Lady, or the Tiger?	1995	Frank R. Stockton
397.txt	L'Allegro, Il Penseroso, Comus, and Lycidas	1995	John Milton
398.txt	First Book of Adam and Eve	2008	Rutherford Platt
399.txt	Cast Upon the Breakers	2006	Horatio Alger
400.txt	Helen of Troy and Other Poems	1996	Sara Teasdale
401.txt	Blix	2008	Frank Norris
402.txt	Penrod	2006	Booth Tarkington
403.txt	Soldiers of Fortune	1996	Richard Harding Davis
404.txt	Industrial Biography	2008	Samuel Smiles
405.txt	Adventures and Letters	2008	Richard Harding Davis
406.txt	Appreciations of Richard Harding Davis	2008	Unknown
407.txt	The Reporter Who Made Himself King	2008	Richard Harding Davis
408.txt	The Souls of Black Folk	2008	W. E. B. Du Bois
409.txt	Religious and Moral Poems	1996	Phillis Wheatley
41.txt	The Legend of Sleepy Hollow	1992	Washington Irving
410.txt	Hell fer Sartain' and Other Stories	1996	John Fox, Jr.
411.txt	The King's Jackal	2008	Richard Harding Davis
412.txt	John Jacob Astor	1996	Elbert Hubbard
414.txt	The Pageant of Summer	2007	Richard Jefferies
416.txt	Winesburg, Ohio	2005	Sherwood Anderson
418.txt	A Treatise on Good Works	2008	Dr. Martin Luther
419.txt	The Magic of Oz	1996	L. Frank Baum
42.txt	Dr. Jekyll and Mr. Hyde	1992	Robert Louis Stevenson
420.txt	Dorothy and the Wizard in Oz	1996	L. Frank Baum.
421.txt	Kidnapped	2006	Robert Louis Stevenson
422.txt	The Romany Rye	2007	George Borrow
423.txt	Round the Red Lamp	2008	Arthur Conan Doyle
424.txt	General William Booth enters into Heaven and other Poems	1995	Vachel Lindsay
427.txt	The Great War Syndicate	2008	Frank Stockton
428.txt	Frivolous Cupid	1996	Anthony Hope
429.txt	The Magic Egg and Other Stories	2008	Frank Stockton
430.txt	The Grain Of Dust	2004	David Graham Phillips
431.txt	The Fortune Hunter	1996	David Graham Phillips
432.txt	The Ambassadors	1996	Henry James
433.txt	The Conflict	1996	David Graham Phillips
434.txt	The Circular Staircase	1996	Mary Roberts Rinehart
436.txt	The Master Key	1996	L. Frank Baum
437.txt	The Life of Lazarillo of Tormes, Parts One and Two	1995	Lazarillo of Tormes
439.txt	The Vital Message	1996	Arthur Conan Doyle
44.txt	Song of the Lark	1992	Willa Cather
440.txt	Just David	1996	Eleanor H. Porter
442.txt	Love Songs	1996	Sara Teasdale
443.txt	The Love Affairs of a Bibliomaniac	1996	Eugene Field
446.txt	A Book of Remarkable Criminals	1996	H. B. Irving
447.txt	Maggie: A Girl of the Streets	1996	Stephen Crane
45.txt	Anne of Green Gables	1992	Lucy Maud Montgomery
450.txt	Susan Lenox: Her Fall and Rise	2006	David Graham Phillips
451.txt	The Shadow-Line	2006	Joseph Conrad
452.txt	Lavengro	2006	George Borrow
453.txt	Emma McChesney & Co.	1996	Edna Ferber
455.txt	The University of Hard Knocks	1996	Ralph Parlette
456.txt	The Door in the Wall And Other Stories	2005	H. G. Wells
457.txt	The Price She Paid	1996	David Graham Phillips
458.txt	Dreams and Dust	1996	Don Marquis
459.txt	The White People	2006	Frances Hodgson Burnett
46.txt	A Christmas Carol	2004	Charles Dickens
460.txt	The Dawn of a To-morrow	1996	Frances Hodgson Burnett
461.txt	The Quest of the Golden Girl	1996	Richard le Gallienne
462.txt	The Errand Boy	2006	Horatio Alger
463.txt	The Red Badge of Courage	1996	Stephen Crane
465.txt	The Mountains	1996	Stewart Edward White
466.txt	The Gaming Table:  Its Votaries and Victims	1996	Andrew Steinmetz
467.txt	The Princess of Cleves	1996	Madame de Lafayette
469.txt	The Duchesse de Langeais	1996	Honore de Balzac
47.txt	Anne Of Avonlea	2006	Lucy Maud Montgomery
470.txt	Heretics	1996	Gilbert K. Chesterton
471.txt	Bride of Lammermoor	2006	Sir Walter Scott
472.txt	The House Behind the Cedars	1996	Charles W. Chesnutt
473.txt	Stories to Tell to Children	1996	Sara Cone Bryant
474.txt	How to Tell Stories to Children	2005	Sara Cone Bryant
478.txt	The Cost	1996	David Graham Phillips
479.txt	Little Lord Fauntleroy	2006	Frances Hodgson Burnett
48.txt	The 1992 CIA World Factbook	1993	United States.  Central Intelligence Agency.
480.txt	Undo	1996	Joe Hutsko
481.txt	In the Bishop's Carriage	1996	Miriam Michelson
482.txt	The Woodlanders	1996	Thomas Hardy
483.txt	The Conquest of Canaan	1996	Booth Tarkington
484.txt	Poor and Proud	1996	Oliver Optic
485.txt	The Road to Oz	1996	L. Frank Baum
486.txt	Ozma of Oz	1996	L. Frank Baum
487.txt	Songs of Travel	2009	Robert Louis Stevenson
488.txt	She Stands Accused	1996	Victor MacClure
489.txt	One Basket	1996	Edna Ferber
49.txt	Surfing the Internet	1993	Jean Armour Polly
490.txt	Life and Adventures of Calamity Jane	1996	Calamity Jane
491.txt	Rezanov	1996	Gertrude Atherton
493.txt	Falk	1996	Joseph Conrad
494.txt	To-morrow	1996	Joseph Conrad
495.txt	Amy Foster	1996	Joseph Conrad
496.txt	The Little Lame Prince	2006	Miss Mulock--Pseudonym of Maria Dinah Craik
498.txt	Rebecca of Sunnybrook Farm	1996	Kate Douglas Wiggin
499.txt	Tom Swift in the Land of Wonders	2002	Victor Appleton
5.txt	The United States' Constitution	1975	Founding Fathers
50.txt	Pi to 1,000,000 places	2008	Scott Hemphill
500.txt	The Adventures of Pinocchio	2006	C. Collodi--Pseudonym of Carlo Lorenzini
502.txt	Desert Gold	1996	Zane Grey
503.txt	The Blue Fairy Book	1996	Unknown
504.txt	The Fifth String, The Conspirators	1996	John Philip Sousa
505.txt	History of the Warfare of Science with Theology in Christendom	1996	Andrew Dickson White
506.txt	The Shuttle	2006	Frances Hodgson Burnett
507.txt	Adam Bede	2006	George Eliot
508.txt	Twice-Told Tales	1996	Nathaniel Hawthorne
509.txt	The Purcell Papers	2008	Joseph Sheridan Le Fanu
51.txt	Anne Of The Island	2006	Lucy Maud Montgomery
510.txt	The Purcell Papers	2008	Joseph Sheridan Le Fanu
511.txt	The Purcell Papers	2008	Joseph Sheridan Le Fanu
512.txt	Mosses from an Old Manse and Other Stories	1996	Nathaniel Hawthorne
513.txt	The Snow Image	1996	Nathaniel Hawthorne
514.txt	Little Women	1996	Louisa May Alcott
515.txt	Margret Howth, A Story of To-day	1996	Rebecca Harding Davis
517.txt	The Emerald City of Oz	1996	L. Frank Baum
518.txt	The Enchanted Island of Yew	1996	L. Frank Baum
519.txt	A Kidnapped Santa Claus	1996	L. Frank Baum
52.txt	The Square Root of 2	2008	Stan Kerr
520.txt	The Life and Adventures of Santa Claus	1996	L. Frank Baum
521.txt	The Life and Adventures of Robinson Crusoe	2010	Daniel Defoe
522.txt	The Chinese Boy and Girl	1996	Isaac Taylor Headland
523.txt	Court Life in China	1996	Isaac Taylor Headland
524.txt	Ann Veronica	2006	H. G. Wells
525.txt	Youth	1996	Joseph Conrad
526.txt	Heart of Darkness	2006	Joseph Conrad
527.txt	End of the Tether	2006	Joseph Conrad
528.txt	Joe The Hotel Boy	2006	Horatio Alger Jr.
529.txt	Knights of Art	1996	Amy Steedman
53.txt	LOC Workshop on Electronic Texts	1993	Library of Congress
530.txt	Driven From Home	2006	Horatio Alger
531.txt	The Gaming Table:  Its Votaries and Victims	1996	Andrew Steinmetz
532.txt	At the Foot of the Rainbow	1996	Gene Stratton-Porter
533.txt	The Song of the Cardinal	1996	Gene Stratton-Porter
535.txt	Travels with a Donkey in the Cevennes	2004	Robert Louis Stevenson
536.txt	A Footnote to History	2005	Robert Louis Stevenson
537.txt	Tales of Terror and Mystery	1996	Arthur Conan Doyle
538.txt	Jean of the Lazy A	1996	B. M. Bower
54.txt	The Marvellous Land of Oz	1993	L. Frank Baum
540.txt	The Red Fairy Book	1996	Unknown
541.txt	The Age of Innocence	1996	Edith Wharton
542.txt	The Life of Me	1996	Clarence Edgar Johnson
543.txt	Main Street	2006	Sinclair Lewis
544.txt	Anne's House of Dreams	1996	Lucy Maud Montgomery
545.txt	At the Earth's Core	1996	Edgar Rice Burroughs
546.txt	Under the Andes	1996	Rex Stout
547.txt	Baron Trigault's Vengeance	2008	Emile Gaboriau
548.txt	Project Trinity 1945-1946	1996	Carl Maag;Steve Rohrer
549.txt	The Underdogs	1996	Mariano Azuela
55.txt	The Wonderful Wizard of Oz	2008	L. Frank Baum
550.txt	Silas Marner	1996	George Eliot
552.txt	The People that Time Forgot	1996	Edgar Rice Burroughs
553.txt	Out of Time's Abyss	1996	Edgar Rice Burroughs
554.txt	The Contrast	1996	Royall Tyler
556.txt	Rewards and Fairies	1996	Rudyard Kipling
557.txt	Puck of Pook's Hill	1996	Rudyard Kipling
558.txt	The Thirty-nine Steps	1996	John Buchan
559.txt	Greenmantle	1996	John Buchan
56.txt	NREN for All: Insurmountable Opportunity	1993	Jean Armour Polly
560.txt	Mr. Standfast	1996	John Buchan
561.txt	The Further Adventures of Robinson Crusoe	2007	Daniel Defoe
562.txt	Go Ahead Boys and the Racing Motorboat	1996	Ross Kay
563.txt	The Planet Mars and its Inhabitants	2008	Eros Urides;J. L. Kennon
564.txt	The Mystery of Edwin Drood	2010	Charles Dickens
57.txt	Aladdin and the Magic Lamp	2008	Unknown
570.txt	The Moravians in Georgia	1996	Adelaide L. Fries
571.txt	The 1995 CIA World Factbook	1996	United States Central Intelligence Agency
572.txt	The Great Big Treasury of Beatrix Potter	1996	Beatrix Potter
573.txt	Tales from Shakespeare	1996	Charles;Mary Lamb
574.txt	Poems of William Blake	1996	William Blake
575.txt	Essays	1996	Francis Bacon
578.txt	Down with the Cities	1996	Tadashi Nakashima
58.txt	Paradise Regained	2008	John Milton
581.txt	Ginx's Baby	1996	Edward Jenkins
582.txt	A Collection of Beatrix Potter Stories	1996	Beatrix Potter
583.txt	The Woman in White	1996	Wilkie Collins
584.txt	Our nig	1996	Harriet E. Wilson
585.txt	Running a Thousand Miles for Freedom	1996	William;Ellen Craft
587.txt	Danny's Own Story	1996	Don Marquis
590.txt	Robert Louis Stevenson	2007	Alexander H. Japp
591.txt	Flame and Shadow	1996	Sara Teasdale
592.txt	Chinese Nightingale	1996	Vachel Lindsay
593.txt	Selected Writings of Guy de Maupassant	1996	Guy de Maupassant
594.txt	Twilight Stories	1996	Unknown
595.txt	The Sisters' Tragedy	1996	Thomas Bailey Aldrich
596.txt	Rivers to the Sea	1996	Sara Teasdale
597.txt	Njal's Saga	2004	Unknown Icelanders
598.txt	Heimskringla	1996	Snorri Sturlason
599.txt	Vanity Fair	1996	William Makepeace Thackeray
60.txt	The Scarlet Pimpernel	2006	Baroness Orczy
600.txt	Notes from the Underground	1996	Feodor Dostoevsky
601.txt	The Monk; a romance	1996	M. G. Lewis
602.txt	Pharsalia; Dramatic Episodes of the Civil Wars	1996	Lucan
603.txt	Letters of George Borrow	2007	George Borrow
604.txt	Gulliver of Mars	1996	Edwin L. Arnold
605.txt	Pellucidar	1996	Edgar Rice Burroughs
606.txt	Indian Why Stories	1996	Frank Bird Linderman
607.txt	The Augsberg Confession	1996	Philip Melancthon
608.txt	Areopagitica	2006	John Milton
609.txt	America Through the Spectacles of an Oriental Diplomat	1996	Wu Tingfang
61.txt	The Communist Manifesto	2005	Karl Marx;Friedrich Engels
610.txt	Idylls of the King	1996	Alfred, Lord Tennyson
612.txt	The Constitution of Japan, 1946	1996	Japan
613.txt	The Constitution of the Empire of Japan, 1889	1996	Japan
615.txt	Orlando Furioso	1996	Lodovico Ariosto
617.txt	Poems	2008	Alan Seeger
618.txt	Codex Junius 11	1996	Unknown
619.txt	The Warden	1996	Anthony Trollope
62.txt	A Princess of Mars	2008	Edgar Rice Burroughs
620.txt	Sylvie and Bruno	1996	Lewis Carroll
623.txt	The Battle of the Books	2007	Jonathan Swift
624.txt	Looking Backwards from 2000 to 1887	1996	Edward Bellamy
625.txt	Ponkapog Papers	2006	Thomas Bailey Aldrich
626.txt	The Philobiblon of Richard de Bury	1996	Richard de Bury
627.txt	Essays of Travel	2010	Robert Louis Stevenson
628.txt	The Square Root of 3	2008	Robert Nemiroff;Jerry Bonnell
629.txt	The Square Root of 5	2008	Robert Nemiroff;Jerry Bonnell
63.txt	The Number "e"	2008	Unknown
630.txt	The Square Root of 6	2008	Robert Nemiroff;Jerry Bonnell
631.txt	The Square Root of 7	2008	Robert Nemiroff;Jerry Bonnell
632.txt	The Square Root of 8	2008	Robert Nemiroff;Jerry Bonnell
633.txt	The Golden Mean or Ratio [(1+sqrt(5))/2]	1996	Unknown
634.txt	Miscellaneous Mathematical Constants	1996	Unknown
635.txt	The Square Root of 10	2008	Robert Nemiroff;Jerry Bonnell
636.txt	Memoirs of Extraordinary Popular Delusions	1996	Charles Mackay
638.txt	An Outcast of the Islands	2006	Joseph Conrad
639.txt	The God-Idea of the Ancients	1996	Eliza Burt Gamble
64.txt	The Gods of Mars	2008	Edgar Rice Burroughs
640.txt	The Yellow Fairy Book	1996	Unknown
641.txt	The Violet Fairy Book	1996	Unknown
642.txt	The Altar of the Dead	2010	Henry James
643.txt	The Death of the Lion	2010	Henry James
645.txt	The Figure in the Carpet	2013	Henry James
646.txt	The Coral Island	2007	R. M. Ballantyne
647.txt	The Dynamiter	2011	Robert Louis Stevenson
648.txt	Wild Wales	2008	George Borrow
65.txt	The First 100,000 Prime Numbers	2008	Unknown
655.txt	Life and Letters of Robert Browning	2006	Mrs. Sutherland Orr
657.txt	The Anglo-Saxon Chronicle	1996	Unknown
658.txt	The Fall of Troy	1996	Smyrnaeus Quintus
659.txt	Paul the Peddler	2006	Horatio Alger, Jr.
66.txt	The Dawn of Amateur Radio in the U.K. and Greece	2008	Norman F. Joly
67.txt	The Black Experience in America	2008	Norman Coombs
671.txt	Phil the Fiddler	2006	Horatio Alger, Jr.
677.txt	The Heroes	2011	Charles Kingsley
679.txt	Poems	1996	Frances E. W. Harper
68.txt	Warlord of Mars	1993	Edgar Rice Burroughs
680.txt	The Golden Threshold	1996	Sarojini Naidu
681.txt	Creatures that once were Men	1996	Maxim Gorky
682.txt	Catalan's Constant [Ramanujan's Formula]	1996	Greg Fee
684.txt	Worldwide Effects of Nuclear War: Some Perspectives	1996	United States Arms Control and Disarmament Agency
685.txt	The Atomic Bombings of Hiroshima and Nagasaki	1996	United States
686.txt	The Treaty of the European Union, Maastricht Treaty, 7th February, 1992	1996	European Union
687.txt	A Personal Record	2006	Joseph Conrad
688.txt	The Goodness of St. Rocque and Other Stories	1996	Alice Dunbar
689.txt	The Kreutzer Sonata and Other Stories	2006	Leo Tolstoi
69.txt	The 32nd Mersenne Prime	2008	David Slowinski
693.txt	The Autobiography of a Quack And The Case Of George Dedlow	2006	S. Weir Mitchell
697.txt	The Light Princess	1996	George MacDonald
699.txt	A Child's History of England	2007	Charles Dickens
700.txt	The Old Curiosity Shop	2008	Charles Dickens
701.txt	The King of the Golden River	1996	John Ruskin.
702.txt	Somebody's Little Girl	2008	Martha Young
703.txt	Lucasta	1996	Richard Lovelace
704.txt	The Mansion	1996	Henry Van Dyke
706.txt	The Amateur Cracksman	1996	E. W. Hornung
707.txt	Raffles	1996	E. W. Hornung
708.txt	The Princess and the Goblin	1996	George MacDonald
709.txt	The Princess and the Curdie	1996	George MacDonald
71.txt	On the Duty of Civil Disobedience	2004	Henry David Thoreau
710.txt	Love of Life	2007	Jack London
711.txt	Allan Quatermain	2004	H. Rider Haggard
712.txt	Thomas Jefferson	2006	Edward S. Ellis et. al.
713.txt	Memoirs of Extraordinary Popular Delusions	2008	Charles Mackay
714.txt	The Bobbsey Twins in the Country	1996	Laura Lee Hope
715.txt	The Moon Endureth--Tales and Fancies	2008	John Buchan
716.txt	The Cruise of the Jasper B.	1996	Don Marquis
717.txt	Chita: A Memory of Last Island	1996	Lafcadio Hearn
718.txt	Tono Bungay	2006	H. G. Wells
72.txt	Thuvia, Maid of Mars	1993	Edgar Rice Burroughs
720.txt	Almayer's Folly	2006	Joseph Conrad
721.txt	The Birds' Christmas Carol	1996	Kate Douglas Wiggin
723.txt	Henry James, Jr.	1996	William Dean Howells
724.txt	The Man of Letters as a Man of Business	1996	William Dean Howells
725.txt	Men of Invention and Industry	1996	Samuel Smiles
726.txt	A Psychological Counter-current in Recent Fiction	1996	William Dean Howells
727.txt	The Star-Spangled Banner	1996	John A. Carpenter
728.txt	Emile Zola	1996	William Dean Howells
729.txt	Hackers, Heroes of the Computer Revolution	1996	Stephen Levy
73.txt	The Red Badge of Courage	2008	Stephen Crane
730.txt	Oliver Twist	1996	Charles Dickens
731.txt	The History of The Decline and Fall of the Roman Empire	1996	Edward Gibbon
732.txt	The History of The Decline and Fall of the Roman Empire	1996	Edward Gibbon
733.txt	The History of The Decline and Fall of the Roman Empire	1996	Edward Gibbon
734.txt	The History of The Decline and Fall of the Roman Empire	1996	Edward Gibbon
737.txt	The Bobbsey Twins at School	1996	Laura Lee Hope
739.txt	Henry Clay's Remarks in House and Senate	1996	Henry Clay
740.txt	Remarks of Mr. Calhoun of South Carolina on the bill to prevent the interference of certain federal officers in elections: delivered in the Senate of the United States February 22, 1839	1996	John C. Calhoun
741.txt	Thomas Hart Benton's Remarks to the Senate on the Expunging Resolution	1996	Thomas Hart Benton
743.txt	Thoughts on Man	1996	William Godwin
744.txt	The Golden Mean	1996	Jerry Bonnell;Robert Nemiroff
745.txt	One divided by Pi (to 1 million digits)	1996	Yasumasa Kanada
746.txt	Burning Daylight	1996	Jack London
747.txt	Anomalies and Curiosities of Medicine	1996	George M. Gould
748.txt	The Brother of Daphne	2008	Dornford Yates
749.txt	Barlaam and Ioasaph	1996	St. John of Damascus
75.txt	Email 101	1993	John Goodwin
750.txt	High History of the Holy Graal	1996	Unknown
751.txt	The Autocrat of the Breakfast-Table	2013	Oliver Wendell Holmes
752.txt	A Young Girl's Diary	2006	An Unknown Young Girl
753.txt	Arizona Nights	2008	Stewart Edward White
754.txt	The Story of Mankind	1996	Hendrik van Loon
755.txt	A Lady's Life in the Rocky Mountains	2008	Isabella L. Bird
756.txt	Arizona Sketches	1996	Joseph A. Munk
758.txt	LandSat Picture of Washington, DC	1996	United States National Aeronautics and Space Administration
759.txt	James Pethel	1996	Max Beerbohm
760.txt	Enoch Soames	1996	Max Beerbohm
761.txt	A. V. Laider	1996	Max Beerbohm
762.txt	British Airships, Past, Present, and Future	1996	George Whale
763.txt	The Round-up	1996	John Murray;Marion Mills Miller
764.txt	Hans Brinker	1996	Mary Mapes Dodge
765.txt	The Moon Pool	1996	A. Merritt
766.txt	David Copperfield	1996	Charles Dickens
767.txt	Agnes Grey	2010	Anne Bronte
768.txt	Wuthering Heights	2007	Emily Bronte
769.txt	The Book of Tea	1997	Kakuzo Okakura
77.txt	The House of the Seven Gables	2008	Nathaniel Hawthorne
770.txt	The Story of the Treasure Seekers	1997	E. Nesbit
775.txt	When the Sleeper Wakes	1997	Herbert George Wells
777.txt	The Mastery of the Air	1997	William J. Claxton
78.txt	Tarzan of the Apes	2008	Edgar Rice Burroughs
780.txt	The War in the Air	1997	Herbert George Wells
781.txt	Sinking of the Titanic	1997	Unknown
783.txt	The Lost City	1997	Joseph E. Badger, Jr.
784.txt	Boyhood in Norway	1997	Hjalmar Hjorth Boyesen
785.txt	Of The Nature of Things	1997	[Titus Lucretius Carus] Lucretius
787.txt	The Man Between	1997	Amelia E. Barr
79.txt	Terminal Compromise	1993	Winn Schwartau
791.txt	The Princess	1997	Alfred Lord Tennyson
792.txt	Wieland; or The Transformation	1997	Charles Brockden Brown
793.txt	Aeroplanes and Dirigibles of War	1997	Frederick A. Talbot
8.txt	Lincoln's Second Inaugural Address, March 4, 1865	1978	Abraham Lincoln
80.txt	The Online World	1993	Odd de Presno
805.txt	This Side of Paradise	1997	F. Scott Fitzgerald
806.txt	Philoktetes	2013	Sophocles
808.txt	The Complete Plays of Gilbert and Sullivan	1997	William Schwenk Gilbert;Arthur Sullivan
81.txt	The Return of Tarzan	2008	Edgar Rice Burroughs
812.txt	Catalan's Constant to 1,500,000 Places	1997	Thomas Papanikolaou
813.txt	Reminiscences of Tolstoy	1997	Ilya Tolstoy
814.txt	Hunting Sketches	1997	Anthony Trollope
815.txt	Democracy In America, Volume 1 (of 2)	2006	Alexis de Toqueville
816.txt	Democracy In America, Volume 2 (of 2)	2006	Alexis de Toqueville
818.txt	The Aeroplane Speaks	1997	H. Barber
819.txt	The History of the Telephone	1997	Herbert N. Casson
82.txt	Ivanhoe	1993	Walter Scott
820.txt	Edison, His Life and Inventions	2006	Frank Lewis Dyer;Thomas Commerford Martin
821.txt	Dombey and Son	1997	Charles Dickens
822.txt	The Tarn of Eternity	1997	Frank Tymon
823.txt	The Life of St. Declan of Ardmore	1997	Unknown
825.txt	Latin Vulgate Bible Book Titles and Names	1997	Unknown
826.txt	Latin Vulgate, Esther: Liber Esther	1997	Unknown
827.txt	Latin Vulgate, Esther: Liber Esther [Septuagint Arrangement]	1997	Unknown
828.txt	Latin Vulgate of Daniel [Prophetia Danielis]	1997	Unknown
83.txt	From the Earth to the Moon	1993	Jules Verne
830.txt	The Argonautica	1997	Apollonius Rhodius
831.txt	Four Arthurian Romances	1997	Chretien DeTroyes
832.txt	Robin Hood	2006	J. Walker McSpadden
833.txt	The Theory of the Leisure Class	1997	Thorstein Veblen
836.txt	The Phoenix and the Carpet	1997	E. Nesbit
837.txt	The Story of the Amulet	1997	E. Nesbit
838.txt	Jasmin: Barber, Poet, Philanthropist	1997	Samuel Smiles
840.txt	Lorna Doone, A Romance of Exmoor	2006	R. D. Blackmore
841.txt	Men, Women and Ghosts	1997	Amy Lowell
842.txt	Memoirs of Carwin the Biloquist	1997	Charles Brockden Brown
843.txt	The Life of Francis Marion	1997	William Gilmore Simms
844.txt	The Importance of Being Earnest	2006	Oscar Wilde
845.txt	Poems of Henry Timrod	1997	Henry Timrod
847.txt	Lays of Ancient Rome	2006	Thomas Babington Macaulay
848.txt	The Black Arrow	2008	Robert Louis Stevenson
849.txt	Idle Thoughts of an Idle Fellow	1997	Jerome K. Jerome
85.txt	The Beasts of Tarzan	2008	Edgar Rice Burroughs
850.txt	Tom Grogan	1997	F. Hopkinson Smith
851.txt	Captivity and Restoration	1997	Mrs. Mary Rowlandson
852.txt	Democracy and Education	1997	John Dewey
853.txt	The Confutatio Pontificia	1997	Unknown
855.txt	Clocks	1997	Jerome K. Jerome
856.txt	Dreams	1997	Jerome K. Jerome
857.txt	Evergreens	1997	Jerome K. Jerome
858.txt	Stage-Land	1997	Jerome K. Jerome
859.txt	Polly of the Circus	1997	Margaret Mayo
860.txt	Baby Mine	1997	Margaret Mayo
861.txt	The Dominion of the Air	1997	J. M. Bacon
862.txt	Philosophy 4	1997	Owen Wister
865.txt	Passing of the Third Floor Back	1997	Jerome K. Jerome
866.txt	The Cost of Kindness	2008	Jerome K. Jerome
867.txt	Mrs. Korner Sins Her Mercies	1997	Jerome K. Jerome
868.txt	The Philosopher's Joke	1997	Jerome K. Jerome
869.txt	The Soul of Nicholas Snyders	2008	Jerome K. Jerome
87.txt	The 1993 CIA World Factbook	1993	United States.  Central Intelligence Agency.
870.txt	The Love of Ulrich Nebendahl	1997	Jerome K. Jerome
871.txt	The Golden Sayings of Epictetus	2006	Epictetus
874.txt	A History of Aeronautics	1997	E. Charles Vivian
876.txt	Life in the Iron-Mills	1997	Rebecca Harding Davis
877.txt	Little Britain	1997	Washington Irving
878.txt	Yankee Gypsies	1997	John Greenleaf Whittier
879.txt	The Boy Captives	1997	John Greenleaf Whittier
88.txt	Price/Cost Indexes from 1875 to 1989	2008	United States
880.txt	My Garden Acquaintance	1997	James Russell Lowell
881.txt	Lemorne Versus Huell	1997	Elizabeth Drew Stoddard
882.txt	Sketches by Boz	2009	Charles Dickens
884.txt	Memoirs of Extraordinary Popular Delusions	1997	Charles Mackay
885.txt	An Ideal Husband	2009	Oscar Wilde
889.txt	Two Years in the Forbidden City	1997	The Princess Der Ling
890.txt	The History of The Decline and Fall of the Roman Empire	1997	Edward Gibbon
891.txt	The History of The Decline and Fall of the Roman Empire	1997	Edward Gibbon
892.txt	The History of The Decline and Fall of the Roman Empire	1997	Edward Gibbon
893.txt	The History of The Decline and Fall of the Roman Empire	1997	Edward Gibbon
894.txt	The History of The Decline and Fall of the Roman Empire	1997	Edward Gibbon
896.txt	Orations	1997	John Quincy Adams
897.txt	The Rose and the Ring	2006	William Makepeace Thackeray
899.txt	Wonderful Balloon Ascents	1997	Fulgence Marion
9.txt	Lincoln's First Inaugural Address, March 4, 1861	1979	Abraham Lincoln
90.txt	The Son of Tarzan	2008	Edgar Rice Burroughs
903.txt	The White Company	1997	Arthur Conan Doyle
904.txt	Her Father's Daughter	1997	Gene Stratton-Porter
905.txt	Within the Law	1997	Marvin Dana
907.txt	Flying Machines	1997	W.J. Jackman;Thos. H. Russell
908.txt	A Treatise on Parents and Children	2006	George Bernard Shaw
909.txt	The Adventures of Colonel Daniel Boone	1997	John Filson
910.txt	White Fang	2005	Jack London
913.txt	A Hero of Our Time	1997	M. Y. Lermontov
917.txt	Barnaby Rudge	2006	Charles Dickens
919.txt	The Ethics [Part I]	1997	Benedict de Spinoza
92.txt	Tarzan and the Jewels of Opar	1995	Edgar Rice Burroughs
920.txt	The Ethics [Part II]	1997	Benedict de Spinoza
921.txt	De Profundis	2007	Oscar Wilde
923.txt	A Sketch of the Life of Brig. Gen. Francis Marion	1997	William Dobein James
925.txt	United States Presidents' Inaugural Speeches	1997	Unknown
929.txt	The Real Cyberpunk Fakebook	1997	St. Jude;R. U. Sirius;Bart Nagel
930.txt	The Cook's Decameron: A Study in Taste:	1997	Mrs. W. G. Waters
932.txt	The Fall of the House of Usher	1997	Edgar Allan Poe
936.txt	The Village Watch-Tower	1997	Kate Douglas Wiggin
938.txt	Good Indian	1997	B. M. Bower
94.txt	Alexander's Bridge and The Barrel Organ	2006	Willa Cather;Alfred Noyes
940.txt	The Last of the Mohicans	2006	James Fenimore Cooper
941.txt	Just Folks	1997	Edgar A. Guest
942.txt	Green Mansions	1997	W. H. Hudson
943.txt	Misalliance	1997	George Bernard Shaw
944.txt	The Voyage of the Beagle	1997	Charles Darwin
945.txt	Dust	1997	Mr. Haldeman-Julius;Mrs. Haldeman-Julius
946.txt	Lady Susan	1997	Jane Austen
947.txt	The Life of Horatio Lord Nelson	2006	Robert Southey
948.txt	The Ethics [Part III]	1997	Benedict de Spinoza
949.txt	Tom Swift and his Submarine Boat	1997	Victor Appleton
950.txt	Tom Swift and his Electric Runabout	1997	Victor Appleton
951.txt	Tom Swift and his Sky Racer	1997	Victor Appleton
952.txt	Tom Swift and his Air Glider	1997	Victor Appleton
953.txt	Tom Swift and his Big Tunnel	1997	Victor Appleton
954.txt	Tom Swift and his War Tank	1997	Victor Appleton
955.txt	The Patchwork Girl of Oz	1997	L. Frank Baum
956.txt	Tik-Tok of Oz	1997	L. Frank Baum
957.txt	The Scarecrow of Oz	1997	L. Frank Baum
958.txt	Rinkitink in Oz	1997	L. Frank Baum
959.txt	The Lost Princess of Oz	1997	L. Frank Baum
96.txt	The Monster Men	2008	Edgar Rice Burroughs
960.txt	The Tin Woodman of Oz	1997	L. Frank Baum
961.txt	Glinda of Oz	1997	L. Frank Baum
962.txt	The Poems of Henry Kendall	1997	Henry Kendall
963.txt	Little Dorrit	1997	Charles Dickens
964.txt	The Merry Adventures of Robin Hood	2006	Howard Pyle
965.txt	The Black Tulip	1997	Alexandre Dumas (Pere)
966.txt	Maid Marian	1997	Thomas Love Peacock
967.txt	The Life And Adventures Of Nicholas Nickleby	2006	Charles Dickens
968.txt	Life And Adventures Of Martin Chuzzlewit	2006	Charles Dickens
969.txt	The Tenant of Wildfell Hall	2010	Anne Bronte
97.txt	Flatland	1994	Edwin A. Abbott
970.txt	Uncles Josh's Punkin Centre Stories	1997	Cal Stewart
971.txt	The Ethics [Part IV]	1997	Benedict de Spinoza
972.txt	The Devil's Dictionary	2008	Ambrose Bierce
973.txt	Howard Pyle's Book of Pirates	2006	Howard Pyle
974.txt	The Secret Agent	2010	Joseph Conrad
975.txt	The Ethics [Part V]	1997	Benedict de Spinoza
976.txt	Tanglewood Tales	1997	Nathaniel Hawthorne
977.txt	American Notes	1997	Rudyard Kipling
978.txt	The Yates Pride	1997	Mary E. Wilkins Freeman
979.txt	Heroes of the Telegraph	1997	J. Munro
98.txt	A Tale of Two Cities	1994	Charles Dickens
980.txt	Alice Adams	1997	Booth Tarkington
981.txt	Beowulf	1997	Unknown
982.txt	Book of Nonsense	1997	Edward Lear
984.txt	Who Was Who: 5000 B. C. to Date	1997	Unknown
985.txt	Father Sergius	1997	Leo Tolstoy
986.txt	Master and Man	1997	Leo Tolstoy
988.txt	The Education of the Child	1997	Ellen Key
989.txt	A Theological-Political Treatise [Part I]	1997	Benedict of Spinoza
99.txt	Collected Articles of Frederick Douglass	2008	Frederick Douglass
990.txt	A Theological-Political Treatise [Part II]	1997	Benedict of Spinoza
991.txt	A Theological-Political Treatise [Part III]	1997	Benedict of Spinoza
992.txt	A Theological-Political Treatise [Part IV]	1997	Benedict of Spinoza
993.txt	Malbone	1997	Thomas Wentworth Higginson
994.txt	Riders to the Sea	2008	J. M. Synge
995.txt	Ballads of a Bohemian	1997	Robert W. Service
